"id";"mct_company_id";"enable_flag";"name";"pairing_code";"nation_region_id";"total_space";"free_space";"created_at";"updated_at";"group";"status";"device_count";"warning_mail";"bdp_keep_last_at";"good_at";"expired_at"
"1";"1";"Y";"BenQ";"0000";"218";"2097152";"2097152";"2015-05-23 01:02:01";"2019-10-17 16:00:10";"T";"Y";"0";"0";NULL;"0000-00-00 00:00:00";"0000-00-00 00:00:00"
"3";"1001";"Y";"Admin";"LTQY";"212";"2097152";"1446161";"2015-05-23 01:02:01";"2019-10-17 16:00:10";"T";"Y";"6";"0";NULL;"0000-00-00 00:00:00";"0000-00-00 00:00:00"
"253";"1002";"Y";"明基科技";"TSSM";"45";"2097152";"2097152";"2015-12-07 10:13:09";"2019-10-17 16:00:10";"T";"E";"0";"0";"2017-09-06 16:00:15";"0000-00-00 00:00:00";"0000-00-00 00:00:00"
"254";"1003";"Y";"明基电通";"R2IH";"45";"2097152";"2097152";"2015-12-07 10:18:56";"2019-10-17 16:00:10";"T";"E";"0";"0";"2017-09-06 16:00:15";"0000-00-00 00:00:00";"0000-00-00 00:00:00"
"255";"1004";"Y";"benq";"MRGH";"45";"2097152";"2097152";"2015-12-08 11:13:27";"2019-10-17 16:00:10";"T";"E";"0";"0";"2017-09-06 16:00:15";"0000-00-00 00:00:00";"0000-00-00 00:00:00"
"256";"1005";"Y";"永辉会员店";"NGHU";"45";"104857600";"104857600";"2015-12-18 10:23:47";"2019-10-17 16:00:10";"P";"E";"0";"0";"2017-12-21 23:59:59";"0000-00-00 00:00:00";"0000-00-00 00:00:00"
"258";"1006";"Y";"elle1221a";"P6FU";"218";"104857600";"104843332";"2015-12-21 19:12:38";"2019-10-17 16:00:10";"P";"Y";"0";"0";NULL;"0000-00-00 00:00:00";"0000-00-00 00:00:00"
"259";"1007";"Y";"elle1221aa";"8ZBG";"218";"2097152";"2097152";"2015-12-21 19:18:58";"2019-10-17 16:00:10";"T";"E";"0";"0";"2017-09-06 16:00:15";"0000-00-00 00:00:00";"0000-00-00 00:00:00"
"260";"1008";"Y";"明基电通";"2HO5";"45";"2097152";"2097152";"2015-12-22 10:51:41";"2019-10-17 16:00:10";"T";"E";"0";"0";"2017-09-06 16:00:15";"0000-00-00 00:00:00";"0000-00-00 00:00:00"
"261";"1009";"Y";"明基电通";"QJLA";"45";"2097152";"2097152";"2015-12-23 09:29:02";"2019-10-17 16:00:10";"T";"E";"0";"0";"2017-09-06 16:00:15";"0000-00-00 00:00:00";"0000-00-00 00:00:00"
"263";"1010";"Y";"benq";"UG1U";"218";"2097152";"2097152";"2015-12-24 10:47:27";"2019-10-17 16:00:10";"T";"E";"0";"0";"2017-09-06 16:00:15";"0000-00-00 00:00:00";"0000-00-00 00:00:00"
"264";"1011";"Y";"BenQ";"EE7X";"45";"2097152";"2097152";"2015-12-24 11:05:17";"2019-10-17 16:00:10";"T";"E";"0";"0";"2017-09-06 16:00:15";"0000-00-00 00:00:00";"0000-00-00 00:00:00"
"265";"1012";"Y";"明基电通";"0E9M";"45";"2097152";"2097152";"2015-12-25 16:45:00";"2019-10-17 16:00:10";"T";"E";"0";"0";"2017-09-06 16:00:15";"0000-00-00 00:00:00";"0000-00-00 00:00:00"
"266";"1013";"Y";"BenQ";"23KI";"45";"2097152";"2097152";"2015-12-28 10:13:20";"2019-10-17 16:00:10";"T";"E";"0";"0";"2017-09-06 16:00:15";"0000-00-00 00:00:00";"0000-00-00 00:00:00"
"267";"1014";"Y";"明基电通";"GNMG";"45";"2097152";"2097152";"2015-12-28 11:09:19";"2019-10-17 16:00:10";"T";"E";"0";"0";"2017-09-06 16:00:15";"0000-00-00 00:00:00";"0000-00-00 00:00:00"
"268";"1015";"Y";"benq";"S6W8";"45";"2097152";"2097152";"2015-12-29 08:07:24";"2019-10-17 16:00:10";"T";"E";"0";"0";"2017-09-06 16:00:15";"0000-00-00 00:00:00";"0000-00-00 00:00:00"
"269";"1016";"Y";"benq";"NDIO";"45";"2097152";"2097152";"2015-12-29 08:27:48";"2019-10-17 16:00:10";"T";"E";"0";"0";"2017-09-06 16:00:15";"0000-00-00 00:00:00";"0000-00-00 00:00:00"
"270";"1017";"Y";"benq";"WN9T";"45";"2097152";"2097152";"2015-12-29 08:29:53";"2019-10-17 16:00:10";"T";"E";"0";"0";"2017-09-06 16:00:15";"0000-00-00 00:00:00";"0000-00-00 00:00:00"
"271";"1018";"Y";"benq";"H1ZP";"46";"2097152";"2097152";"2015-12-30 15:19:42";"2019-10-17 16:00:10";"T";"E";"0";"0";"2017-09-06 16:00:15";"0000-00-00 00:00:00";"0000-00-00 00:00:00"
"272";"1019";"Y";"partner";"O5PN";"45";"2097152";"2097152";"2016-01-04 11:16:06";"2019-10-17 16:00:10";"T";"E";"0";"0";"2017-09-06 16:00:16";"0000-00-00 00:00:00";"0000-00-00 00:00:00"
"273";"1020";"Y";"上海来伊份股份有限公司";"V8UA";"45";"2097152";"2097152";"2016-01-05 10:26:28";"2019-10-17 16:00:10";"T";"E";"0";"0";"2017-09-06 16:00:16";"0000-00-00 00:00:00";"0000-00-00 00:00:00"
"274";"1021";"Y";"同辉佳视（北京）信息技术股份有限";"KRLD";"143";"2097152";"2097152";"2016-01-06 19:21:47";"2019-10-17 16:00:10";"T";"E";"0";"0";"2017-09-06 16:00:16";"0000-00-00 00:00:00";"0000-00-00 00:00:00"
"275";"1022";"Y";"BenQ";"FBWW";"218";"104857600";"104857600";"2016-01-07 10:17:41";"2019-10-17 16:00:10";"P";"E";"0";"0";"2018-07-25 23:59:59";"0000-00-00 00:00:00";"0000-00-00 00:00:00"
"276";"1023";"Y";"BenQ";"QNEE";"45";"2097152";"2097152";"2016-01-07 11:20:15";"2019-10-17 16:00:10";"T";"E";"0";"0";"2017-09-06 16:00:16";"0000-00-00 00:00:00";"0000-00-00 00:00:00"
"277";"1024";"Y";"悠客生活";"K4C3";"45";"2097152";"2097152";"2016-01-07 13:05:50";"2019-10-17 16:00:10";"T";"E";"0";"0";"2017-09-06 16:00:16";"0000-00-00 00:00:00";"0000-00-00 00:00:00"
"278";"1025";"Y";"BenQ";"JEZA";"218";"2097152";"2097152";"2016-01-07 19:29:59";"2019-10-17 16:00:10";"T";"E";"0";"0";"2017-09-06 16:00:16";"0000-00-00 00:00:00";"0000-00-00 00:00:00"
"279";"1026";"Y";"PARTNER";"PAGE";"45";"104857600";"102749993";"2016-01-12 13:42:54";"2019-10-17 16:00:10";"P";"Y";"0";"1";NULL;"0000-00-00 00:00:00";"0000-00-00 00:00:00"
"280";"1027";"Y";"LeYOU";"LVCW";"1";"2097152";"2097152";"2016-01-15 11:01:01";"2019-10-17 16:00:10";"T";"E";"0";"0";"2017-09-06 16:00:16";"0000-00-00 00:00:00";"0000-00-00 00:00:00"
"281";"1028";"Y";"BenQ";"23OP";"218";"2097152";"2097152";"2016-01-19 13:38:11";"2019-10-17 16:00:10";"T";"E";"0";"0";"2017-09-06 16:00:16";"0000-00-00 00:00:00";"0000-00-00 00:00:00"
"282";"1029";"Y";"电竞馆";"RDHN";"45";"2097152";"2097152";"2016-01-19 13:53:51";"2019-10-17 16:00:10";"T";"E";"13";"0";"2017-09-06 16:00:16";"0000-00-00 00:00:00";"0000-00-00 00:00:00"
"284";"1030";"Y";"test123";"U30I";"45";"2097152";"2097152";"2016-02-03 13:20:22";"2019-10-17 16:00:10";"T";"E";"0";"0";"2017-09-06 16:00:16";"0000-00-00 00:00:00";"0000-00-00 00:00:00"
"285";"1031";"Y";"csoftech";"2QWW";"45";"104857600";"101650630";"2016-02-15 16:52:54";"2019-10-17 16:00:10";"P";"Y";"0";"0";NULL;"0000-00-00 00:00:00";"0000-00-00 00:00:00"
"286";"1032";"Y";"BENQ";"SKQS";"218";"2097152";"2097152";"2016-02-20 11:01:50";"2019-10-17 16:00:10";"T";"E";"0";"0";"2017-09-06 16:00:16";"0000-00-00 00:00:00";"0000-00-00 00:00:00"
"287";"1033";"Y";"benq";"QN65";"45";"2097152";"2097152";"2016-02-24 10:26:46";"2019-10-17 16:00:10";"T";"E";"0";"0";"2017-09-06 16:00:16";"0000-00-00 00:00:00";"0000-00-00 00:00:00"
"288";"1034";"Y";"永辉会员店总部管理";"YRZM";"45";"104857600";"102768474";"2016-03-17 21:36:12";"2019-10-17 16:00:10";"P";"Y";"25";"0";NULL;"0000-00-00 00:00:00";"0000-00-00 00:00:00"
"289";"1035";"Y";"福州新雅图网络科技有限公司";"VTNQ";"45";"2097152";"2097152";"2016-03-18 11:16:56";"2019-10-17 16:00:10";"T";"E";"0";"0";"2017-09-06 16:00:16";"0000-00-00 00:00:00";"0000-00-00 00:00:00"
"290";"1036";"Y";"朵瑞";"WSU2";"45";"2097152";"2097152";"2016-03-18 15:33:20";"2019-10-17 16:00:10";"T";"E";"0";"0";"2017-09-06 16:00:16";"0000-00-00 00:00:00";"0000-00-00 00:00:00"
"291";"1037";"Y";"电竞馆";"N3BF";"45";"2097152";"2097152";"2016-03-21 17:29:35";"2019-10-17 16:00:10";"T";"E";"12";"0";"2017-09-06 16:00:16";"0000-00-00 00:00:00";"0000-00-00 00:00:00"
"292";"1038";"Y";"LC";"SMMM";"45";"2097152";"2097152";"2016-03-30 23:32:47";"2019-10-17 16:00:10";"T";"E";"0";"0";"2017-09-06 16:00:16";"0000-00-00 00:00:00";"0000-00-00 00:00:00"
"293";"1039";"Y";"BenQ";"WSC9";"218";"2097152";"2097152";"2016-04-01 10:49:00";"2019-10-17 16:00:10";"T";"Y";"0";"0";NULL;"0000-00-00 00:00:00";"0000-00-00 00:00:00"
"296";"1040";"Y";"MJDT";"RMHI";"45";"2097152";"2097152";"2016-04-05 15:58:39";"2019-10-17 16:00:10";"T";"E";"0";"0";"2017-09-06 16:00:16";"0000-00-00 00:00:00";"0000-00-00 00:00:00"
"297";"1041";"Y";"TaiXing";"USLK";"45";"2097152";"2097152";"2016-04-13 11:43:15";"2019-10-17 16:00:10";"T";"E";"0";"0";"2017-09-06 16:00:16";"0000-00-00 00:00:00";"0000-00-00 00:00:00"
"298";"1042";"Y";"BenQ";"AO8B";"218";"104857600";"102173192";"2016-04-22 14:18:18";"2019-10-17 16:00:10";"P";"Y";"0";"0";NULL;"0000-00-00 00:00:00";"0000-00-00 00:00:00"
"299";"1043";"Y";"TH";"8PKD";"45";"2097152";"2097152";"2016-04-26 18:52:25";"2019-10-17 16:00:10";"T";"E";"0";"0";"2017-09-06 16:00:16";"0000-00-00 00:00:00";"0000-00-00 00:00:00"
"300";"1044";"Y";"BenQ";"VDA2";"218";"2097152";"2097152";"2016-04-27 11:42:12";"2019-10-17 16:00:10";"T";"E";"0";"0";"2017-09-06 16:00:16";"0000-00-00 00:00:00";"0000-00-00 00:00:00"
"301";"1045";"Y";"wkg";"TN4Q";"38";"2097152";"2097152";"2016-05-01 11:27:48";"2019-10-17 16:00:10";"T";"E";"0";"0";"2017-09-06 16:00:16";"0000-00-00 00:00:00";"0000-00-00 00:00:00"
"302";"1046";"Y";"wuhankeji";"LTCQ";"1";"2097152";"2097152";"2016-05-01 11:28:32";"2019-10-17 16:00:10";"T";"E";"0";"0";"2017-09-06 16:00:16";"0000-00-00 00:00:00";"0000-00-00 00:00:00"
"303";"1047";"Y";"BenQ";"PZFP";"218";"2097152";"2097152";"2016-05-04 11:31:52";"2019-10-17 16:00:10";"T";"E";"0";"0";"2017-09-06 16:00:16";"0000-00-00 00:00:00";"0000-00-00 00:00:00"
"304";"1048";"Y";"lcdigital";"GLF2";"45";"2097152";"2097152";"2016-05-11 15:37:54";"2019-10-17 16:00:10";"T";"E";"0";"0";"2017-09-06 16:00:16";"0000-00-00 00:00:00";"0000-00-00 00:00:00"
"305";"1049";"Y";"BenQ";"UXEZ";"1";"2097152";"2097152";"2016-05-26 09:09:17";"2019-10-17 16:00:10";"T";"E";"0";"0";"2017-09-06 16:00:16";"0000-00-00 00:00:00";"0000-00-00 00:00:00"
"306";"1050";"Y";"BenQ";"NWYX";"1";"2097152";"2097152";"2016-05-26 09:14:00";"2019-10-17 16:00:10";"T";"E";"0";"0";"2016-12-31 23:59:59";"0000-00-00 00:00:00";"0000-00-00 00:00:00"
"307";"1051";"Y";"明基电通";"RDAO";"45";"2097152";"2097152";"2016-05-26 09:39:44";"2019-10-17 16:00:10";"T";"E";"0";"0";"2016-12-31 23:59:59";"0000-00-00 00:00:00";"0000-00-00 00:00:00"
"308";"1052";"Y";"BenQ";"QGVL";"1";"2097152";"2097152";"2016-05-26 10:44:31";"2019-10-17 16:00:10";"T";"E";"0";"0";"2016-12-31 23:59:59";"0000-00-00 00:00:00";"0000-00-00 00:00:00"
"309";"1053";"Y";"Benq";"JSO3";"45";"2097152";"2097152";"2016-05-27 08:18:59";"2019-10-17 16:00:10";"T";"E";"0";"0";"2017-01-01 23:59:59";"0000-00-00 00:00:00";"0000-00-00 00:00:00"
"310";"1054";"Y";"英龙华通";"DANR";"45";"2097152";"2097152";"2016-06-15 17:29:32";"2019-10-17 16:00:10";"T";"E";"0";"0";"2017-01-19 23:59:59";"0000-00-00 00:00:00";"0000-00-00 00:00:00"
"311";"1055";"Y";"明基电通";"HJJC";"45";"2097152";"2097152";"2016-06-29 15:47:06";"2019-10-17 16:00:10";"T";"E";"0";"0";"2017-02-02 23:59:59";"0000-00-00 00:00:00";"0000-00-00 00:00:00"
"312";"1056";"Y";"qqqqqq";"3NSF";"1";"2097152";"2097152";"2016-07-06 16:58:36";"2019-10-17 16:00:10";"T";"E";"0";"0";"2017-09-06 16:00:16";"0000-00-00 00:00:00";"0000-00-00 00:00:00"
"313";"1057";"Y";"qqqqqq";"2UVK";"1";"2097152";"2097152";"2016-07-06 16:59:40";"2019-10-17 16:00:10";"T";"E";"0";"0";"2017-02-10 23:59:59";"0000-00-00 00:00:00";"0000-00-00 00:00:00"
"314";"1058";"Y";"上海教科实验中学";"4FRX";"45";"2097152";"2097152";"2016-07-08 13:01:36";"2019-10-17 16:00:10";"T";"E";"0";"0";"2017-02-12 23:59:59";"0000-00-00 00:00:00";"0000-00-00 00:00:00"
"315";"1059";"Y";"BenQ HK Limited";"XNXL";"92";"2097152";"2097152";"2016-07-11 09:52:22";"2019-10-17 16:00:10";"T";"E";"0";"0";"2017-09-06 16:00:16";"0000-00-00 00:00:00";"0000-00-00 00:00:00"
"317";"1060";"Y";"BenQ HK Limited";"D3OJ";"92";"104857600";"104857600";"2016-07-13 10:02:56";"2019-10-17 16:00:10";"P";"E";"0";"0";"2018-01-18 23:59:59";"0000-00-00 00:00:00";"0000-00-00 00:00:00"
"318";"1061";"Y";"megasilver";"6BQG";"218";"2097152";"2097152";"2016-07-15 14:46:08";"2019-10-17 16:00:10";"T";"E";"0";"0";"2017-02-19 23:59:59";"0000-00-00 00:00:00";"0000-00-00 00:00:00"
"319";"1062";"Y";"partnercq";"OBDR";"45";"104857600";"104749208";"2016-07-15 23:56:38";"2019-10-17 16:00:10";"P";"Y";"0";"0";NULL;"0000-00-00 00:00:00";"0000-00-00 00:00:00"
"320";"1063";"Y";"拍档";"XNME";"45";"2097152";"2097152";"2016-07-16 21:06:21";"2019-10-17 16:00:10";"T";"E";"0";"0";"2017-02-20 23:59:59";"0000-00-00 00:00:00";"0000-00-00 00:00:00"
"321";"1064";"Y";"benq";"KI91";"45";"2097152";"2097152";"2016-07-18 12:07:58";"2019-10-17 16:00:10";"T";"E";"0";"0";"2017-09-06 16:00:17";"0000-00-00 00:00:00";"0000-00-00 00:00:00"
"322";"1065";"Y";"benq";"SFQQ";"45";"2097152";"2097152";"2016-07-18 12:17:58";"2019-10-17 16:00:10";"T";"E";"0";"0";"2017-02-22 23:59:59";"0000-00-00 00:00:00";"0000-00-00 00:00:00"
"323";"1066";"Y";"benq";"CY9A";"45";"2097152";"2097152";"2016-08-04 16:29:05";"2019-10-17 16:00:10";"T";"E";"0";"0";"2017-03-11 23:59:59";"0000-00-00 00:00:00";"0000-00-00 00:00:00"
"324";"1067";"Y";"杭州莱准智能";"JEG8";"45";"104857600";"104857600";"2016-08-16 15:56:07";"2019-10-17 16:00:10";"P";"E";"0";"0";"2018-03-29 23:59:59";"0000-00-00 00:00:00";"0000-00-00 00:00:00"
"325";"1068";"Y";"明基电通";"1HWR";"45";"2097152";"2097152";"2016-08-18 13:24:37";"2019-10-17 16:00:10";"T";"E";"0";"0";"2017-03-25 23:59:59";"0000-00-00 00:00:00";"0000-00-00 00:00:00"
"326";"1069";"Y";"重庆攀越科技";"VAJM";"45";"2097152";"2097152";"2016-08-23 11:23:07";"2019-10-17 16:00:10";"T";"E";"0";"0";"2017-03-30 23:59:59";"0000-00-00 00:00:00";"0000-00-00 00:00:00"
"327";"1070";"Y";"明基电通有限公司";"XM5E";"218";"2097152";"2097152";"2016-08-31 13:35:23";"2019-10-17 16:00:10";"T";"Y";"0";"0";NULL;"0000-00-00 00:00:00";"0000-00-00 00:00:00"
"328";"1071";"Y";"集合石（北京）信息技术有限公司";"XICH";"1";"2097152";"2097152";"2016-09-12 13:13:55";"2019-10-17 16:00:10";"T";"E";"0";"0";"2017-04-18 23:59:59";"0000-00-00 00:00:00";"0000-00-00 00:00:00"
"329";"1072";"Y";"BenQ";"OAVK";"1";"2097152";"2097152";"2016-09-13 16:57:31";"2019-10-17 16:00:10";"T";"E";"0";"0";"2017-04-19 23:59:59";"0000-00-00 00:00:00";"0000-00-00 00:00:00"
"330";"1073";"Y";"苏梦服装定制会馆";"4H4U";"45";"2097152";"2097152";"2016-09-16 17:53:56";"2019-10-17 16:00:10";"T";"E";"0";"0";"2017-04-22 23:59:59";"0000-00-00 00:00:00";"0000-00-00 00:00:00"
"331";"1074";"Y";"benq";"5HMR";"218";"2097152";"2097152";"2016-09-19 10:13:53";"2019-10-17 16:00:10";"T";"E";"0";"0";"2017-04-25 23:59:59";"0000-00-00 00:00:00";"0000-00-00 00:00:00"
"332";"1075";"Y";"明基电通2";"NO1W";"45";"2097152";"2097152";"2016-09-19 10:39:35";"2019-10-17 16:00:10";"T";"E";"0";"0";"2017-09-06 16:00:17";"0000-00-00 00:00:00";"0000-00-00 00:00:00"
"333";"1076";"Y";"明基电通";"UMSJ";"45";"104857600";"97613991";"2016-09-19 10:47:26";"2019-10-17 16:00:10";"P";"Y";"0";"1";NULL;"0000-00-00 00:00:00";"0000-00-00 00:00:00"
"334";"1077";"Y";"BenQ";"26VT";"1";"2097152";"2097152";"2016-09-22 13:57:44";"2019-10-17 16:00:10";"T";"E";"0";"0";"2017-04-28 23:59:59";"0000-00-00 00:00:00";"0000-00-00 00:00:00"
"335";"1078";"Y";"融韬信息";"D81R";"45";"2097152";"2097152";"2016-10-10 10:54:40";"2019-10-17 16:00:10";"T";"E";"0";"0";"2017-05-17 23:59:59";"0000-00-00 00:00:00";"0000-00-00 00:00:00"
"337";"1079";"Y";"南京我乐家居股份有限公司";"K0CQ";"45";"2097152";"2097152";"2016-10-13 16:36:43";"2019-10-17 16:00:10";"T";"E";"0";"0";"2017-05-21 23:59:59";"0000-00-00 00:00:00";"0000-00-00 00:00:00"
"338";"1080";"Y";"快乐蜂（中国）餐饮管理有限公司";"BAUU";"45";"2097152";"2097152";"2016-10-17 21:01:51";"2019-10-17 16:00:10";"T";"E";"0";"0";"2017-05-24 23:59:59";"0000-00-00 00:00:00";"0000-00-00 00:00:00"
"339";"1081";"Y";"艾莱依";"GLIU";"45";"2097152";"2097152";"2016-10-24 11:15:46";"2019-10-17 16:00:10";"T";"E";"0";"0";"2017-05-31 23:59:59";"0000-00-00 00:00:00";"0000-00-00 00:00:00"
"340";"1082";"Y";"bread";"DLI6";"45";"104857600";"102553706";"2016-10-25 13:40:23";"2019-10-17 16:00:10";"P";"Y";"0";"0";NULL;"0000-00-00 00:00:00";"0000-00-00 00:00:00"
"341";"1083";"Y";"breadtalk";"KMUW";"45";"104857600";"101722369";"2016-10-25 14:31:42";"2019-10-17 16:00:10";"P";"Y";"0";"0";NULL;"0000-00-00 00:00:00";"0000-00-00 00:00:00"
"342";"1084";"Y";"上海联纵数据服务有限公司";"LKXP";"45";"2097152";"2097152";"2016-10-28 17:00:51";"2019-10-17 16:00:10";"T";"E";"0";"0";"2017-06-04 23:59:59";"0000-00-00 00:00:00";"0000-00-00 00:00:00"
"343";"1085";"Y";"我乐集团";"MFWE";"45";"104857600";"102614638";"2016-10-31 14:03:34";"2019-10-17 16:00:10";"P";"E";"0";"0";"2019-12-11 02:19:22";"0000-00-00 00:00:00";"0000-00-00 00:00:00"
"344";"1086";"Y";"密鹰";"E8AG";"45";"2097152";"2097152";"2016-11-05 19:00:51";"2019-10-17 16:00:10";"T";"E";"0";"0";"2017-06-11 23:59:59";"0000-00-00 00:00:00";"0000-00-00 00:00:00"
"345";"1087";"Y";"Global Software ";"DAVP";"45";"2097152";"2097152";"2016-11-15 21:33:29";"2019-10-17 16:00:10";"T";"E";"0";"0";"2017-06-21 23:59:59";"0000-00-00 00:00:00";"0000-00-00 00:00:00"
"346";"1088";"Y";"冠博软件技术（苏州）有限公司";"B7UO";"45";"2097152";"2097152";"2016-11-16 08:59:01";"2019-10-17 16:00:10";"T";"E";"0";"0";"2017-07-19 21:05:59";"0000-00-00 00:00:00";"0000-00-00 00:00:00"
"347";"1089";"Y";"冠博软件技术（苏州）有限公司";"JLXR";"45";"2097152";"2097152";"2016-11-22 11:14:13";"2019-10-17 16:00:10";"T";"E";"0";"0";"2017-06-28 23:59:59";"0000-00-00 00:00:00";"0000-00-00 00:00:00"
"348";"1090";"Y";"尚品宅配";"G8V0";"45";"2097152";"2097152";"2016-11-22 21:10:23";"2019-10-17 16:00:10";"T";"E";"0";"0";"2017-06-28 23:59:59";"0000-00-00 00:00:00";"0000-00-00 00:00:00"
"349";"1091";"Y";"阿里巴巴";"VTI2";"1";"2097152";"2097152";"2016-11-23 15:11:41";"2019-10-17 16:00:10";"T";"E";"0";"0";"2017-06-29 23:59:59";"0000-00-00 00:00:00";"0000-00-00 00:00:00"
"351";"1092";"Y";"冠博软件技术(苏州)有限公司";"1HYR";"45";"2097152";"2097152";"2016-11-25 09:38:25";"2019-10-17 16:00:10";"T";"E";"0";"0";"2017-07-01 23:59:59";"0000-00-00 00:00:00";"0000-00-00 00:00:00"
"352";"1093";"Y";"gunborunajian";"PZW2";"1";"2097152";"2097152";"2016-11-25 10:28:14";"2019-10-17 16:00:10";"T";"E";"0";"0";"2017-09-06 16:00:17";"0000-00-00 00:00:00";"0000-00-00 00:00:00"
"353";"1094";"Y";"guanboruanjian";"LGFS";"1";"2097152";"2097152";"2016-11-25 10:45:14";"2019-10-17 16:00:10";"T";"E";"0";"0";"2017-09-06 16:00:17";"0000-00-00 00:00:00";"0000-00-00 00:00:00"
"354";"1095";"Y";"gbrj";"RATG";"1";"2097152";"2097152";"2016-11-25 13:07:12";"2019-10-17 16:00:10";"T";"E";"0";"0";"2017-09-06 16:00:17";"0000-00-00 00:00:00";"0000-00-00 00:00:00"
"355";"1096";"Y";"dddd";"NA6E";"1";"2097152";"2097152";"2016-11-25 13:26:23";"2019-10-17 16:00:10";"T";"E";"0";"0";"2017-09-06 16:00:17";"0000-00-00 00:00:00";"0000-00-00 00:00:00"
"356";"1097";"Y";"汇骏服饰";"MBMB";"1";"2097152";"2097152";"2016-11-25 13:30:47";"2019-10-17 16:00:11";"T";"E";"0";"0";"2017-09-06 16:00:17";"0000-00-00 00:00:00";"0000-00-00 00:00:00"
"358";"1098";"Y";"G2000集团";"WFJH";"45";"2097152";"2097152";"2016-11-25 13:55:35";"2019-10-17 16:00:11";"T";"E";"0";"0";"2017-07-01 23:59:59";"0000-00-00 00:00:00";"0000-00-00 00:00:00"
"359";"1099";"Y";"zhangyu";"P6HJ";"1";"2097152";"2097152";"2016-11-25 15:10:29";"2019-10-17 16:00:11";"T";"E";"0";"0";"2017-07-01 23:59:59";"0000-00-00 00:00:00";"0000-00-00 00:00:00"
"360";"1100";"Y";"我开一把吧";"JJFS";"45";"2097152";"2097152";"2016-11-28 15:46:51";"2019-10-17 16:00:11";"T";"E";"0";"0";"2017-07-04 23:59:59";"0000-00-00 00:00:00";"0000-00-00 00:00:00"
"361";"1101";"Y";"荷塘码头";"JKQ5";"45";"104857600";"103249946";"2016-11-29 11:38:21";"2019-10-17 16:00:11";"P";"E";"0";"0";"2019-06-22 05:49:05";"0000-00-00 00:00:00";"0000-00-00 00:00:00"
"362";"1102";"Y";"鸿博时代";"49OW";"45";"2097152";"2097152";"2016-12-02 13:46:00";"2019-10-17 16:00:11";"T";"E";"0";"0";"2017-07-09 23:59:59";"0000-00-00 00:00:00";"0000-00-00 00:00:00"
"363";"1103";"Y";"中智创展";"THGV";"45";"2097152";"2097152";"2016-12-02 14:57:25";"2019-10-17 16:00:11";"T";"E";"0";"0";"2017-07-09 23:59:59";"0000-00-00 00:00:00";"0000-00-00 00:00:00"
"364";"1104";"Y";"鸿博时代";"43WV";"45";"2097152";"2097152";"2016-12-02 16:15:19";"2019-10-17 16:00:11";"T";"E";"0";"0";"2017-08-05 14:37:59";"0000-00-00 00:00:00";"0000-00-00 00:00:00"
"365";"1105";"Y";"1223";"H3VJ";"1";"2097152";"2097152";"2016-12-05 09:05:16";"2019-10-17 16:00:11";"T";"E";"0";"0";"2017-07-12 23:59:59";"0000-00-00 00:00:00";"0000-00-00 00:00:00"
"366";"1106";"Y";"陕西志诚超越电子科技有限公司";"GGAE";"45";"2097152";"2097152";"2016-12-05 12:07:47";"2019-10-17 16:00:11";"T";"E";"0";"0";"2017-09-06 16:00:17";"0000-00-00 00:00:00";"0000-00-00 00:00:00"
"367";"1107";"Y";"ak";"AZIR";"1";"2097152";"2097152";"2016-12-05 16:23:24";"2019-10-17 16:00:11";"T";"E";"0";"0";"2017-07-12 23:59:59";"0000-00-00 00:00:00";"0000-00-00 00:00:00"
"368";"1108";"Y";"拍档电子";"MFWT";"45";"2097152";"2097152";"2016-12-06 14:57:24";"2019-10-17 16:00:11";"T";"E";"0";"0";"2017-07-13 23:59:59";"0000-00-00 00:00:00";"0000-00-00 00:00:00"
"369";"1109";"Y";"启隽";"ZVUN";"45";"2097152";"2097152";"2016-12-06 17:20:16";"2019-10-17 16:00:11";"T";"E";"0";"0";"2017-07-13 23:59:59";"0000-00-00 00:00:00";"0000-00-00 00:00:00"
"370";"1110";"Y";"上海联纵数据服务有限公司";"CVBB";"45";"2097152";"2097152";"2016-12-09 13:45:09";"2019-10-17 16:00:11";"T";"E";"0";"0";"2017-07-16 23:59:59";"0000-00-00 00:00:00";"0000-00-00 00:00:00"
"371";"1111";"Y";"UNICROSS";"YKBK";"45";"104857600";"102612261";"2016-12-10 09:53:00";"2019-10-17 16:00:11";"T";"Y";"0";"0";NULL;"0000-00-00 00:00:00";"0000-00-00 00:00:00"
"372";"1112";"Y";"liu";"JZVS";"1";"2097152";"2097152";"2016-12-10 12:57:43";"2019-10-17 16:00:11";"T";"E";"0";"0";"2017-10-17 23:59:59";"0000-00-00 00:00:00";"0000-00-00 00:00:00"
"373";"1113";"Y";"benq";"RJ6K";"45";"2097152";"2097152";"2016-12-20 14:09:31";"2019-10-17 16:00:11";"T";"E";"0";"0";"2017-07-27 23:59:59";"0000-00-00 00:00:00";"0000-00-00 00:00:00"
"374";"1114";"Y";"温州市实验小学";"60OJ";"45";"104857600";"104857600";"2016-12-21 10:41:40";"2019-10-17 16:00:11";"P";"E";"0";"0";"2018-06-27 23:59:59";"0000-00-00 00:00:00";"0000-00-00 00:00:00"
"375";"1115";"Y";"testmail";"H81Z";"1";"2097152";"2097152";"2016-12-22 09:54:56";"2019-10-17 16:00:11";"T";"E";"0";"0";"2017-09-06 16:00:18";"0000-00-00 00:00:00";"0000-00-00 00:00:00"
"376";"1116";"Y";"福州新雅图";"XY8A";"45";"2097152";"2097152";"2016-12-26 19:33:10";"2019-10-17 16:00:11";"T";"E";"0";"0";"2017-09-06 16:00:18";"0000-00-00 00:00:00";"0000-00-00 00:00:00"
"377";"1117";"Y";"永辉上海会员店";"RNNQ";"45";"2097152";"2097152";"2016-12-27 16:00:24";"2019-10-17 16:00:11";"T";"E";"0";"0";"2017-08-03 23:59:59";"0000-00-00 00:00:00";"0000-00-00 00:00:00"
"378";"1118";"Y";"pt";"VM0O";"45";"2097152";"2097152";"2017-01-03 15:33:30";"2019-10-17 16:00:11";"T";"E";"0";"0";"2017-08-10 23:59:59";"0000-00-00 00:00:00";"0000-00-00 00:00:00"
"379";"1119";"Y";"ader";"3ZGF";"218";"2097152";"2097152";"2017-01-04 16:34:40";"2019-10-17 16:00:11";"T";"E";"0";"0";"2017-08-11 23:59:59";"0000-00-00 00:00:00";"0000-00-00 00:00:00"
"380";"1120";"Y";"瀚海信息技术有限公司";"JUFF";"45";"2097152";"2097152";"2017-01-05 21:19:30";"2019-10-17 16:00:11";"T";"E";"0";"0";"2017-08-12 23:59:59";"0000-00-00 00:00:00";"0000-00-00 00:00:00"
"382";"1121";"Y";"拍档";"OJG4";"45";"2097152";"2097152";"2017-01-06 15:30:07";"2019-10-17 16:00:11";"T";"E";"0";"1";"2017-09-14 16:53:59";"0000-00-00 00:00:00";"0000-00-00 00:00:00"
"383";"1122";"Y";"BQC";"AMIH";"45";"2097152";"2097152";"2017-01-11 15:53:36";"2019-10-17 16:00:11";"T";"E";"0";"0";"2017-08-18 23:59:59";"0000-00-00 00:00:00";"0000-00-00 00:00:00"
"384";"1123";"Y";"BQC";"KLQY";"45";"2097152";"2097152";"2017-01-11 16:01:03";"2019-10-17 16:00:11";"T";"E";"0";"0";"2017-08-18 23:59:59";"0000-00-00 00:00:00";"0000-00-00 00:00:00"
"385";"1124";"Y";"BQC";"XC1T";"45";"2097152";"2097152";"2017-01-12 15:07:03";"2019-10-17 16:00:11";"T";"E";"0";"0";"2017-08-19 23:59:59";"0000-00-00 00:00:00";"0000-00-00 00:00:00"
"386";"1125";"Y";"北京展会那个";"B4U4";"45";"2097152";"2097152";"2017-01-12 16:23:46";"2019-10-17 16:00:11";"T";"E";"0";"0";"2017-08-19 23:59:59";"0000-00-00 00:00:00";"0000-00-00 00:00:00"
"387";"1126";"Y";"杭州莱准智能科技有限公司";"5XQS";"45";"2097152";"2097152";"2017-01-16 11:16:23";"2019-10-17 16:00:11";"T";"E";"0";"0";"2017-08-23 23:59:59";"0000-00-00 00:00:00";"0000-00-00 00:00:00"
"388";"1127";"Y";"bb";"9N4A";"1";"2097152";"2097152";"2017-01-16 15:08:27";"2019-10-17 16:00:11";"T";"E";"0";"0";"2017-09-06 16:00:18";"0000-00-00 00:00:00";"0000-00-00 00:00:00"
"389";"1128";"Y";"乌尔科技";"QV3C";"1";"2097152";"2097152";"2017-02-10 08:24:11";"2019-10-17 16:00:11";"T";"E";"0";"0";"2017-09-14 23:59:59";"0000-00-00 00:00:00";"0000-00-00 00:00:00"
"390";"1129";"Y";"中天瑞合";"CQ76";"45";"2097152";"2097152";"2017-02-10 12:09:32";"2019-10-17 16:00:11";"T";"E";"0";"0";"2017-09-14 23:59:59";"0000-00-00 00:00:00";"0000-00-00 00:00:00"
"391";"1130";"Y";"玩具反斗城（中国）商贸有限公司";"CPBD";"45";"2097152";"2097152";"2017-02-15 11:27:26";"2019-10-17 16:00:11";"T";"E";"0";"0";"2017-09-19 23:59:59";"0000-00-00 00:00:00";"0000-00-00 00:00:00"
"392";"1131";"Y";"XLT";"TNVP";"45";"2097152";"2097152";"2017-02-15 12:08:18";"2019-10-17 16:00:11";"T";"E";"0";"0";"2017-09-19 23:59:59";"0000-00-00 00:00:00";"0000-00-00 00:00:00"
"393";"1132";"Y";"XLT";"SFJM";"45";"2097152";"2097152";"2017-02-15 12:12:13";"2019-10-17 16:00:11";"T";"E";"0";"0";"2017-09-19 23:59:59";"0000-00-00 00:00:00";"0000-00-00 00:00:00"
"394";"1133";"Y";"上海缘锐实业有限公司";"2TDW";"45";"2097152";"2097152";"2017-02-18 18:45:56";"2019-10-17 16:00:11";"T";"E";"0";"0";"2017-09-22 23:59:59";"0000-00-00 00:00:00";"0000-00-00 00:00:00"
"395";"1134";"Y";"红豆集团";"WV5R";"45";"2097152";"2097152";"2017-02-21 13:41:27";"2019-10-17 16:00:11";"T";"E";"0";"0";"2018-09-26 23:59:59";"0000-00-00 00:00:00";"0000-00-00 00:00:00"
"396";"1135";"Y";"text";"VJIP";"1";"104857600";"103874534";"2017-02-22 20:37:19";"2019-10-17 16:00:11";"P";"Y";"0";"0";NULL;"0000-00-00 00:00:00";"0000-00-00 00:00:00"
"397";"1136";"Y";"将军山";"7LN4";"45";"2097152";"2097152";"2017-02-23 15:31:39";"2019-10-17 16:00:11";"T";"E";"0";"0";"2017-09-27 23:59:59";"0000-00-00 00:00:00";"0000-00-00 00:00:00"
"398";"1137";"Y";"北京志峰";"UYVA";"1";"2097152";"2097152";"2017-02-23 17:59:49";"2019-10-17 16:00:11";"T";"E";"0";"0";"2017-09-27 23:59:59";"0000-00-00 00:00:00";"0000-00-00 00:00:00"
"399";"1138";"Y";"kaitlynyop";"7O1H";"45";"2097152";"2097152";"2017-03-02 09:03:10";"2019-10-17 16:00:11";"T";"E";"0";"0";"2017-10-07 23:59:59";"0000-00-00 00:00:00";"0000-00-00 00:00:00"
"400";"1139";"Y";"上海响味餐饮管理有限公司";"3B5M";"45";"2097152";"2097152";"2017-03-02 13:15:58";"2019-10-17 16:00:11";"T";"E";"0";"0";"2017-09-06 16:00:18";"0000-00-00 00:00:00";"0000-00-00 00:00:00"
"401";"1140";"Y";"上海响味餐饮管理有限公司";"JRQA";"45";"2097152";"2097152";"2017-03-02 13:23:05";"2019-10-17 16:00:11";"T";"E";"0";"0";"2017-10-07 23:59:59";"0000-00-00 00:00:00";"0000-00-00 00:00:00"
"402";"1141";"Y";"格意";"OPGF";"45";"2097152";"2097152";"2017-03-02 16:02:28";"2019-10-17 16:00:11";"T";"E";"0";"0";"2017-09-06 16:00:18";"0000-00-00 00:00:00";"0000-00-00 00:00:00"
"403";"1142";"Y";"格意";"VTEA";"45";"104857600";"104801730";"2017-03-02 16:09:48";"2019-10-17 16:00:11";"P";"Y";"0";"0";NULL;"0000-00-00 00:00:00";"0000-00-00 00:00:00"
"404";"1143";"Y";"mooo";"GT2A";"218";"2097152";"2097152";"2017-03-02 19:43:28";"2019-10-17 16:00:11";"T";"E";"0";"0";"2017-10-07 23:59:59";"0000-00-00 00:00:00";"0000-00-00 00:00:00"
"405";"1144";"Y";"benq";"JBAF";"218";"2097152";"2097152";"2017-03-03 09:34:41";"2019-10-17 16:00:11";"T";"E";"0";"0";"2017-10-06 23:59:59";"0000-00-00 00:00:00";"0000-00-00 00:00:00"
"406";"1145";"Y";"BenQ";"CI3Y";"218";"2097152";"2097152";"2017-03-03 09:44:03";"2019-10-17 16:00:11";"T";"E";"0";"0";"2017-10-06 23:59:59";"0000-00-00 00:00:00";"0000-00-00 00:00:00"
"407";"1146";"Y";"BQC-Ellie";"XQCL";"45";"2097152";"2097152";"2017-03-03 10:03:59";"2019-10-17 16:00:11";"T";"E";"0";"0";"2017-10-06 23:59:59";"0000-00-00 00:00:00";"0000-00-00 00:00:00"
"408";"1147";"Y";"yoptest1";"D1IB";"45";"104857600";"104565032";"2017-03-03 10:35:40";"2019-10-17 16:00:11";"T";"E";"0";"0";"2018-10-19 09:20:52";"0000-00-00 00:00:00";"0000-00-00 00:00:00"
"409";"1148";"Y";"BenQ";"1BAH";"218";"104857600";"100004642";"2017-03-03 11:57:59";"2019-10-17 16:00:11";"P";"E";"0";"1";"2019-11-23 01:01:49";"0000-00-00 00:00:00";"0000-00-00 00:00:00"
"410";"1149";"Y";"BQT";"UKWE";"218";"2097152";"2097152";"2017-03-03 12:00:59";"2019-10-17 16:00:11";"T";"E";"0";"0";"2017-10-06 23:59:59";"0000-00-00 00:00:00";"0000-00-00 00:00:00"
"411";"1150";"Y";"Mooo company";"RSRE";"218";"2097152";"2097152";"2017-03-03 12:04:57";"2019-10-17 16:00:11";"T";"E";"0";"0";"2017-10-06 23:59:59";"0000-00-00 00:00:00";"0000-00-00 00:00:00"
"412";"1151";"Y";"纳年时空";"J0WL";"45";"2097152";"2097152";"2017-03-04 00:21:49";"2019-10-17 16:00:11";"T";"E";"0";"0";"2017-10-06 23:59:59";"0000-00-00 00:00:00";"0000-00-00 00:00:00"
"413";"1152";"Y";"红豆集团";"HT3I";"45";"2097152";"2097152";"2017-03-11 14:08:25";"2019-10-17 16:00:11";"T";"E";"0";"0";"2017-10-14 23:59:59";"0000-00-00 00:00:00";"0000-00-00 00:00:00"
"414";"1153";"Y";"beab";"GW6H";"206";"2097152";"2097152";"2017-03-13 13:33:54";"2019-10-17 16:00:11";"T";"E";"0";"0";"2017-10-16 23:59:59";"0000-00-00 00:00:00";"0000-00-00 00:00:00"
"415";"1154";"Y";"chuanhai ";"VSA9";"45";"2097152";"2097152";"2017-03-14 09:54:17";"2019-10-17 16:00:11";"T";"E";"0";"0";"2017-09-17 16:00:18";"0000-00-00 00:00:00";"0000-00-00 00:00:00"
"416";"1155";"Y";"chuanhai";"T2NJ";"45";"2097152";"2097152";"2017-03-14 11:12:11";"2019-10-17 16:00:11";"T";"E";"0";"0";"2017-10-17 23:59:59";"0000-00-00 00:00:00";"0000-00-00 00:00:00"
"417";"1156";"Y";"XLT";"PFGN";"45";"2097152";"2097152";"2017-03-20 13:03:10";"2019-10-17 16:00:11";"T";"E";"0";"0";"2017-10-23 23:59:59";"0000-00-00 00:00:00";"0000-00-00 00:00:00"
"418";"1157";"Y";"123";"NMPK";"45";"2097152";"2097152";"2017-03-29 09:27:51";"2019-10-17 16:00:11";"T";"E";"0";"0";"2017-10-02 16:00:16";"0000-00-00 00:00:00";"0000-00-00 00:00:00"
"419";"1158";"Y";"黑龙江东奥龙";"L3HF";"45";"2097152";"2097152";"2017-03-29 12:06:53";"2019-10-17 16:00:11";"T";"E";"0";"0";"2017-11-20 13:42:59";"0000-00-00 00:00:00";"0000-00-00 00:00:00"
"420";"1159";"Y";"拍档";"R3IL";"45";"2097152";"2097152";"2017-04-07 16:35:01";"2019-10-17 16:00:11";"T";"E";"0";"0";"2017-10-11 16:00:18";"0000-00-00 00:00:00";"0000-00-00 00:00:00"
"421";"1160";"Y";"拍档";"UPNN";"45";"2097152";"2097152";"2017-04-07 17:01:42";"2019-10-17 16:00:11";"T";"E";"0";"0";"2017-11-10 23:59:59";"0000-00-00 00:00:00";"0000-00-00 00:00:00"
"422";"1161";"Y";"beijingzhongtain";"GFGX";"45";"2097152";"2097152";"2017-04-10 15:46:18";"2019-10-17 16:00:11";"T";"E";"0";"0";"2017-11-13 23:59:59";"0000-00-00 00:00:00";"0000-00-00 00:00:00"
"423";"1162";"Y";"Benq";"OQHJ";"45";"2097152";"2097152";"2017-04-12 16:07:53";"2019-10-17 16:00:11";"T";"E";"0";"0";"2017-10-16 16:00:18";"0000-00-00 00:00:00";"0000-00-00 00:00:00"
"424";"1163";"Y";"benq";"HTFJ";"45";"2097152";"2097152";"2017-04-12 16:10:23";"2019-10-17 16:00:11";"T";"E";"0";"0";"2017-11-15 23:59:59";"0000-00-00 00:00:00";"0000-00-00 00:00:00"
"425";"1164";"Y";"沈阳盛京文化商业广场有限公司";"NJC3";"45";"2097152";"2097152";"2017-04-17 10:14:47";"2019-10-17 16:00:11";"T";"E";"0";"0";"2017-12-20 18:38:59";"0000-00-00 00:00:00";"0000-00-00 00:00:00"
"426";"1165";"Y";"Toysrus";"4GSR";"45";"104857600";"104665981";"2017-04-19 15:12:26";"2019-10-17 16:00:11";"P";"Y";"0";"0";NULL;"0000-00-00 00:00:00";"0000-00-00 00:00:00"
"427";"1166";"Y";"BenQ";"MU8Z";"45";"2097152";"2097152";"2017-04-23 17:23:51";"2019-10-17 16:00:11";"T";"E";"0";"0";"2017-11-26 23:59:59";"0000-00-00 00:00:00";"0000-00-00 00:00:00"
"428";"1167";"Y";"广州市和进源";"FJWW";"45";"2097152";"2097152";"2017-04-24 11:55:39";"2019-10-17 16:00:11";"T";"E";"0";"0";"2017-11-27 23:59:59";"0000-00-00 00:00:00";"0000-00-00 00:00:00"
"429";"1168";"Y";"河南省新时代电子信息技术有限公司";"NCJP";"45";"2097152";"2097152";"2017-04-25 13:47:32";"2019-10-17 16:00:11";"T";"E";"0";"0";"2017-11-28 23:59:59";"0000-00-00 00:00:00";"0000-00-00 00:00:00"
"430";"1169";"Y";"永辉超级物种";"CMOR";"45";"2097152";"2097152";"2017-04-28 16:26:49";"2019-10-17 16:00:11";"T";"E";"0";"0";"2017-12-01 23:59:59";"0000-00-00 00:00:00";"0000-00-00 00:00:00"
"431";"1170";"Y";"永辉超级物种";"7TA7";"45";"2097152";"2097152";"2017-04-28 16:29:43";"2019-10-17 16:00:11";"T";"E";"0";"0";"2017-12-01 23:59:59";"0000-00-00 00:00:00";"0000-00-00 00:00:00"
"432";"1171";"Y";"广州市和进源";"8L5C";"45";"2097152";"2097152";"2017-04-28 17:32:33";"2019-10-17 16:00:11";"T";"E";"0";"0";"2017-12-01 23:59:59";"0000-00-00 00:00:00";"0000-00-00 00:00:00"
"433";"1172";"Y";"test";"AHTW";"45";"2097152";"2097152";"2017-05-09 09:02:04";"2019-10-17 16:00:11";"T";"E";"0";"0";"2017-11-12 16:00:24";"0000-00-00 00:00:00";"0000-00-00 00:00:00"
"434";"1173";"Y";"test";"K9TW";"45";"2097152";"2097152";"2017-05-09 09:04:15";"2019-10-17 16:00:11";"T";"E";"0";"0";"2017-12-12 23:59:59";"0000-00-00 00:00:00";"0000-00-00 00:00:00"
"435";"1174";"Y";"benq";"OQEB";"45";"2097152";"2097152";"2017-05-18 15:29:08";"2019-10-17 16:00:11";"T";"E";"0";"0";"2017-12-21 23:59:59";"0000-00-00 00:00:00";"0000-00-00 00:00:00"
"436";"1175";"Y";"南京极客网咖";"NMPV";"45";"104857600";"104838096";"2017-06-06 20:59:00";"2019-10-17 16:00:11";"P";"E";"0";"0";"2020-01-15 03:12:33";"0000-00-00 00:00:00";"0000-00-00 00:00:00"
"437";"1176";"Y";"BENQ";"JDAE";"45";"104857600";"104837571";"2017-06-07 15:55:30";"2019-10-17 16:00:11";"P";"Y";"0";"0";NULL;"0000-00-00 00:00:00";"0000-00-00 00:00:00"
"438";"1177";"Y";"Mooo company";"HVRX";"218";"2097152";"2097152";"2017-06-07 16:55:48";"2019-10-17 16:00:11";"T";"E";"0";"0";"2018-01-10 23:59:59";"0000-00-00 00:00:00";"0000-00-00 00:00:00"
"439";"1178";"Y";"BenQ";"AZBH";"218";"2097152";"2097152";"2017-06-08 08:31:44";"2019-10-17 16:00:11";"T";"E";"0";"1";"2018-01-11 23:59:59";"0000-00-00 00:00:00";"0000-00-00 00:00:00"
"440";"1179";"Y";"admintest";"LDEX";"218";"2097152";"2097152";"2017-06-08 08:38:08";"2019-10-17 16:00:11";"T";"E";"0";"0";"2018-01-11 23:59:59";"0000-00-00 00:00:00";"0000-00-00 00:00:00"
"441";"1180";"Y";"Bneq";"HYYF";"53";"2097152";"2097152";"2017-06-08 08:43:51";"2019-10-17 16:00:11";"T";"E";"0";"0";"2018-01-11 23:59:59";"0000-00-00 00:00:00";"0000-00-00 00:00:00"
"442";"1181";"Y";"qq";"RINX";"45";"2097152";"2097152";"2017-06-08 10:47:36";"2019-10-17 16:00:11";"T";"E";"0";"1";"2018-01-11 23:59:59";"0000-00-00 00:00:00";"0000-00-00 00:00:00"
"443";"1182";"Y";"Qisda";"60QJ";"218";"2097152";"2097152";"2017-06-08 11:14:56";"2019-10-17 16:00:11";"T";"E";"0";"0";"2018-01-11 23:59:59";"0000-00-00 00:00:00";"0000-00-00 00:00:00"
"444";"1183";"Y";"pp";"JG83";"218";"104857600";"104629811";"2017-06-08 11:44:05";"2019-10-17 16:00:11";"P";"Y";"0";"0";NULL;"0000-00-00 00:00:00";"0000-00-00 00:00:00"
"445";"1184";"Y";"qq";"IMGT";"45";"2097152";"2097152";"2017-06-08 11:52:37";"2019-10-17 16:00:11";"T";"E";"0";"0";"2018-01-11 23:59:59";"0000-00-00 00:00:00";"0000-00-00 00:00:00"
"446";"1185";"Y";"MM";"5VCP";"45";"2097152";"2097152";"2017-06-08 12:24:38";"2019-10-17 16:00:11";"T";"E";"0";"0";"2018-01-11 23:59:59";"0000-00-00 00:00:00";"0000-00-00 00:00:00"
"447";"1186";"Y";"BQC";"L6XW";"45";"2097152";"2097152";"2017-06-15 14:36:33";"2019-10-17 16:00:11";"T";"E";"0";"0";"2018-01-18 23:59:59";"0000-00-00 00:00:00";"0000-00-00 00:00:00"
"448";"1187";"Y";"skymatter";"QGEA";"45";"2097152";"2097152";"2017-06-16 16:26:38";"2019-10-17 16:00:11";"T";"E";"0";"0";"2018-01-19 23:59:59";"0000-00-00 00:00:00";"0000-00-00 00:00:00"
"449";"1188";"Y";"江苏千百美";"S2SS";"45";"2097152";"2097152";"2017-06-29 14:22:14";"2019-10-17 16:00:11";"T";"E";"0";"0";"2018-01-02 16:00:26";"0000-00-00 00:00:00";"0000-00-00 00:00:00"
"450";"1189";"Y";"海底捞";"IZ2Y";"45";"104857600";"104847202";"2017-07-01 11:37:08";"2019-10-17 16:00:11";"P";"E";"0";"0";"2019-02-13 07:42:17";"0000-00-00 00:00:00";"0000-00-00 00:00:00"
"451";"1190";"Y";"万达网络科技集团";"WJKL";"45";"2097152";"2097152";"2017-07-03 17:45:29";"2019-10-17 16:00:11";"T";"E";"0";"0";"2018-02-07 23:59:59";"0000-00-00 00:00:00";"0000-00-00 00:00:00"
"452";"1191";"Y";"广东恒电信息科技有限公司";"8N7N";"45";"2097152";"2097152";"2017-07-07 10:32:49";"2019-10-17 16:00:11";"T";"E";"0";"0";"2018-02-09 23:59:59";"0000-00-00 00:00:00";"0000-00-00 00:00:00"
"453";"1192";"Y";"benq";"BFL3";"45";"2097152";"2097152";"2017-07-10 09:48:47";"2019-10-17 16:00:11";"T";"E";"0";"0";"2018-01-13 16:00:21";"0000-00-00 00:00:00";"0000-00-00 00:00:00"
"454";"1193";"Y";"benq";"OC1J";"45";"2097152";"2097152";"2017-07-10 09:51:45";"2019-10-17 16:00:11";"T";"E";"0";"0";"2018-02-12 23:59:59";"0000-00-00 00:00:00";"0000-00-00 00:00:00"
"455";"1194";"Y";"明基电通科技（上海）有限公司";"DLLJ";"45";"2097152";"2097152";"2017-07-11 09:10:19";"2019-10-17 16:00:11";"T";"E";"0";"0";"2018-02-13 23:59:59";"0000-00-00 00:00:00";"0000-00-00 00:00:00"
"456";"1195";"Y";"绫致时装";"I1S4";"45";"2097152";"2097152";"2017-07-17 14:15:40";"2019-10-17 16:00:11";"T";"E";"0";"0";"2018-02-19 23:59:59";"0000-00-00 00:00:00";"0000-00-00 00:00:00"
"457";"1196";"Y";"charlescom";"QWGD";"7";"2097152";"2097152";"2017-07-20 14:20:29";"2019-10-17 16:00:11";"T";"E";"0";"0";"2018-02-22 23:59:59";"0000-00-00 00:00:00";"0000-00-00 00:00:00"
"458";"1197";"Y";"zhang";"7KST";"10";"2097152";"2097152";"2017-07-26 15:25:01";"2019-10-17 16:00:11";"T";"E";"0";"0";"2018-01-29 16:00:24";"0000-00-00 00:00:00";"0000-00-00 00:00:00"
"459";"1198";"Y";"benq";"VJ8U";"45";"2097152";"2097152";"2017-08-02 16:35:54";"2019-10-17 16:00:11";"T";"E";"0";"0";"2018-03-07 23:59:59";"0000-00-00 00:00:00";"0000-00-00 00:00:00"
"460";"1199";"Y";"hhxy";"WWNL";"45";"2097152";"2097152";"2017-08-04 14:20:37";"2019-10-17 16:00:11";"T";"E";"0";"0";"2018-02-07 16:00:28";"0000-00-00 00:00:00";"0000-00-00 00:00:00"
"461";"1200";"Y";"hhxy";"VJJY";"45";"2097152";"2097152";"2017-08-04 14:25:15";"2019-10-17 16:00:11";"T";"E";"0";"0";"2018-02-07 16:00:28";"0000-00-00 00:00:00";"0000-00-00 00:00:00"
"462";"1201";"Y";"hhxy";"GJ7K";"45";"2097152";"2097152";"2017-08-04 14:27:08";"2019-10-17 16:00:11";"T";"E";"0";"0";"2018-02-07 16:00:28";"0000-00-00 00:00:00";"0000-00-00 00:00:00"
"463";"1202";"Y";"hh";"1EKB";"45";"2097152";"2097152";"2017-08-04 15:31:58";"2019-10-17 16:00:11";"T";"E";"0";"0";"2018-03-09 23:59:59";"0000-00-00 00:00:00";"0000-00-00 00:00:00"
"464";"1203";"Y";"广东恒电信息科技有限公司";"RFIH";"45";"2097152";"2097152";"2017-08-07 10:18:56";"2019-10-17 16:00:11";"T";"E";"0";"0";"2018-03-12 23:59:59";"0000-00-00 00:00:00";"0000-00-00 00:00:00"
"465";"1204";"Y";"benq";"EZFM";"45";"2097152";"2097152";"2017-08-10 14:17:09";"2019-10-17 16:00:11";"T";"E";"0";"0";"2018-03-15 23:59:59";"0000-00-00 00:00:00";"0000-00-00 00:00:00"
"466";"1205";"Y";"BENQ";"D1MB";"45";"2097152";"2097152";"2017-08-24 08:17:54";"2019-10-17 16:00:11";"T";"E";"0";"0";"2018-03-29 23:59:59";"0000-00-00 00:00:00";"0000-00-00 00:00:00"
"467";"1206";"Y";"SMI";"6DSK";"45";"2097152";"2097152";"2017-08-28 10:38:19";"2019-10-17 16:00:11";"T";"E";"0";"0";"2018-03-03 16:00:25";"0000-00-00 00:00:00";"0000-00-00 00:00:00"
"468";"1207";"Y";"拍档";"F0A3";"45";"2097152";"2097152";"2017-08-30 16:06:24";"2019-10-17 16:00:11";"T";"E";"0";"0";"2018-04-04 23:59:59";"0000-00-00 00:00:00";"0000-00-00 00:00:00"
"469";"1208";"Y";"北京中天瑞和科技有限公司";"ZVEL";"45";"2097152";"2097152";"2017-08-31 14:50:35";"2019-10-17 16:00:11";"T";"E";"0";"0";"2018-04-05 23:59:59";"0000-00-00 00:00:00";"0000-00-00 00:00:00"
"470";"1209";"Y";"海底捞";"GC64";"45";"2097152";"2097152";"2017-09-05 10:53:49";"2019-10-17 16:00:11";"T";"E";"0";"0";"2018-04-10 23:59:59";"0000-00-00 00:00:00";"0000-00-00 00:00:00"
"471";"1210";"Y";"城市披萨";"VEQQ";"45";"104857600";"104796370";"2017-09-05 11:11:40";"2019-10-17 16:00:11";"P";"Y";"0";"0";NULL;"0000-00-00 00:00:00";"0000-00-00 00:00:00"
"472";"1211";"Y";"乔丹体育股份有限公司";"0KAF";"45";"2097152";"2097152";"2017-09-05 13:51:17";"2019-10-17 16:00:11";"T";"E";"0";"0";"2018-04-10 23:59:59";"0000-00-00 00:00:00";"0000-00-00 00:00:00"
"473";"1212";"Y";"恒电科技";"BFQW";"45";"2097152";"2097152";"2017-09-07 09:57:39";"2019-10-17 16:00:11";"T";"E";"0";"0";"2018-04-12 23:59:59";"0000-00-00 00:00:00";"0000-00-00 00:00:00"
"474";"1213";"Y";"恒电科技";"H5NX";"45";"2097152";"2097152";"2017-09-12 16:47:16";"2019-10-17 16:00:11";"T";"E";"0";"0";"2018-04-17 23:59:59";"0000-00-00 00:00:00";"0000-00-00 00:00:00"
"475";"1214";"Y";"卡帕";"CB2R";"45";"104857600";"101839797";"2017-09-14 17:17:32";"2019-10-17 16:00:11";"P";"E";"0";"0";"2020-03-26 08:01:55";"0000-00-00 00:00:00";"0000-00-00 00:00:00"
"476";"1215";"Y";"Benq";"UOMN";"17";"2097152";"2097152";"2017-09-21 11:35:20";"2019-10-17 16:00:11";"T";"E";"0";"0";"2018-04-26 23:59:59";"0000-00-00 00:00:00";"0000-00-00 00:00:00"
"477";"1216";"Y";"明基电通科技（上海）有限公司";"W5RZ";"45";"104857600";"102758678";"2017-09-22 10:31:16";"2019-10-17 16:00:11";"T";"E";"0";"1";"2019-06-16 03:26:46";"0000-00-00 00:00:00";"0000-00-00 00:00:00"
"478";"1217";"Y";"huangyuanshangye";"WNAH";"45";"2097152";"2097152";"2017-09-28 22:30:57";"2019-10-17 16:00:11";"T";"E";"0";"0";"2018-04-04 16:00:19";"0000-00-00 00:00:00";"0000-00-00 00:00:00"
"479";"1218";"Y";"花园商业中心";"LZE7";"45";"2097152";"2097152";"2017-09-28 22:37:22";"2019-10-17 16:00:11";"T";"E";"0";"0";"2018-04-04 16:00:19";"0000-00-00 00:00:00";"0000-00-00 00:00:00"
"480";"1219";"Y";"花园商业中心";"LAC6";"45";"2097152";"2097152";"2017-09-28 22:39:55";"2019-10-17 16:00:11";"T";"E";"0";"0";"2018-04-04 16:00:19";"0000-00-00 00:00:00";"0000-00-00 00:00:00"
"481";"1220";"Y";"花园商业中心";"PD13";"45";"104857600";"103957444";"2017-09-29 09:57:24";"2019-10-17 16:00:11";"P";"E";"0";"0";"2019-04-05 11:55:16";"0000-00-00 00:00:00";"0000-00-00 00:00:00"
"482";"1221";"Y";"BenQ";"2ZY7";"45";"2097152";"2097152";"2017-09-29 13:55:26";"2019-10-17 16:00:11";"T";"E";"0";"0";"2018-05-04 23:59:59";"0000-00-00 00:00:00";"0000-00-00 00:00:00"
"483";"1222";"Y";"BenQ";"ZUSP";"45";"2097152";"2097152";"2017-09-29 14:20:32";"2019-10-17 16:00:11";"T";"E";"0";"0";"2018-04-04 16:00:19";"0000-00-00 00:00:00";"0000-00-00 00:00:00"
"484";"1223";"Y";"恒电科技";"WQGP";"45";"2097152";"2097152";"2017-10-09 08:37:28";"2019-10-17 16:00:11";"T";"E";"0";"1";"2018-05-18 07:01:02";"0000-00-00 00:00:00";"0000-00-00 00:00:00"
"485";"1224";"Y";"南京我乐家居股份有限公司";"T9OK";"45";"104857600";"104770642";"2017-10-09 14:56:35";"2019-10-17 16:00:11";"P";"Y";"0";"0";NULL;"0000-00-00 00:00:00";"0000-00-00 00:00:00"
"486";"1225";"Y";"yop";"4FET";"35";"2097152";"2097152";"2017-10-09 16:44:25";"2019-10-17 16:00:11";"T";"E";"0";"0";"2018-05-14 23:59:59";"0000-00-00 00:00:00";"0000-00-00 00:00:00"
"487";"1226";"Y";"体育东小学";"0NOO";"45";"2097152";"2097152";"2017-10-11 09:23:23";"2019-10-17 16:00:11";"T";"E";"0";"0";"2018-05-16 23:59:59";"0000-00-00 00:00:00";"0000-00-00 00:00:00"
"488";"1227";"Y";"体育东路小学";"LZAS";"45";"2097152";"2097152";"2017-10-11 10:39:01";"2019-10-17 16:00:11";"T";"E";"0";"0";"2018-05-16 23:59:59";"0000-00-00 00:00:00";"0000-00-00 00:00:00"
"489";"1228";"Y";"BENQ";"HC22";"45";"2097152";"2097152";"2017-10-13 13:39:17";"2019-10-17 16:00:11";"T";"E";"0";"0";"2018-05-18 23:59:59";"0000-00-00 00:00:00";"0000-00-00 00:00:00"
"490";"1229";"Y";"da";"AHKT";"45";"2097152";"2097152";"2017-10-18 14:57:56";"2019-10-17 16:00:11";"T";"E";"0";"0";"2018-05-23 23:59:59";"0000-00-00 00:00:00";"0000-00-00 00:00:00"
"491";"1230";"Y";"美华酒店";"AIEF";"45";"104857600";"104102869";"2017-10-20 12:02:55";"2019-10-17 16:00:11";"P";"Y";"0";"0";NULL;"0000-00-00 00:00:00";"0000-00-00 00:00:00"
"492";"1231";"Y";"Benq";"3YEH";"45";"2097152";"2097152";"2017-10-26 09:06:42";"2019-10-17 16:00:11";"T";"E";"0";"0";"2018-05-31 23:59:59";"0000-00-00 00:00:00";"0000-00-00 00:00:00"
"493";"1232";"Y";"11";"TZE1";"45";"2097152";"2097152";"2017-10-27 13:56:32";"2019-10-17 16:00:11";"T";"E";"0";"0";"2018-06-01 23:59:59";"0000-00-00 00:00:00";"0000-00-00 00:00:00"
"494";"1233";"Y";"恒电科技";"BOQS";"40";"2097152";"2097152";"2017-10-30 08:40:49";"2019-10-17 16:00:11";"T";"E";"0";"1";"2018-06-04 23:59:59";"0000-00-00 00:00:00";"0000-00-00 00:00:00"
"495";"1234";"Y";"蜜思肤";"ACF8";"45";"104857600";"101551221";"2017-10-30 15:32:37";"2019-10-17 16:00:11";"P";"Y";"0";"0";NULL;"0000-00-00 00:00:00";"0000-00-00 00:00:00"
"496";"1235";"Y";"眺望者智能科技（上海）有限公司";"P1MH";"45";"2097152";"2097152";"2017-11-02 20:16:08";"2019-10-17 16:00:11";"T";"E";"0";"0";"2018-06-07 23:59:59";"0000-00-00 00:00:00";"0000-00-00 00:00:00"
"497";"1236";"Y";"新华都";"POQX";"45";"104857600";"103574739";"2017-11-03 10:19:55";"2019-10-17 16:00:11";"P";"Y";"0";"0";NULL;"0000-00-00 00:00:00";"0000-00-00 00:00:00"
"498";"1237";"Y";"恒电";"SKG5";"45";"2097152";"2097152";"2017-11-09 16:39:45";"2019-10-17 16:00:11";"T";"E";"0";"0";"2018-06-14 23:59:59";"0000-00-00 00:00:00";"0000-00-00 00:00:00"
"499";"1238";"Y";"恒电科技";"ICPJ";"45";"2097152";"2097152";"2017-11-10 15:46:46";"2019-10-17 16:00:11";"T";"E";"0";"0";"2018-06-16 00:00:36";"0000-00-00 00:00:00";"0000-00-00 00:00:00"
"500";"1239";"Y";"体育东小学";"SO3D";"45";"2097152";"2097152";"2017-11-14 08:54:39";"2019-10-17 16:00:11";"T";"E";"0";"0";"2018-06-19 23:59:59";"0000-00-00 00:00:00";"0000-00-00 00:00:00"
"501";"1240";"Y";"BenQ";"UWVU";"45";"2097152";"2097152";"2017-11-16 14:21:30";"2019-10-17 16:00:11";"T";"E";"0";"0";"2018-06-21 23:59:59";"0000-00-00 00:00:00";"0000-00-00 00:00:00"
"502";"1241";"Y";"BenQ";"YDCF";"218";"104857600";"104857600";"2017-11-21 00:27:02";"2019-10-17 16:00:11";"P";"Y";"0";"0";NULL;"0000-00-00 00:00:00";"0000-00-00 00:00:00"
"503";"1242";"Y";"长春九州";"ZUXN";"45";"104857600";"103731680";"2017-11-22 09:32:49";"2019-10-17 16:00:11";"P";"E";"0";"0";"2019-08-08 02:44:17";"0000-00-00 00:00:00";"0000-00-00 00:00:00"
"504";"1243";"Y";"长春九州";"HYDT";"45";"2097152";"2097152";"2017-11-22 09:35:56";"2019-10-17 16:00:11";"T";"E";"0";"0";"2018-06-27 23:59:59";"0000-00-00 00:00:00";"0000-00-00 00:00:00"
"505";"1244";"Y";"sdjfklsafd";"G354";"2";"2097152";"2097152";"2017-11-22 13:16:01";"2019-10-17 16:00:11";"T";"E";"0";"0";"2018-06-27 23:59:59";"0000-00-00 00:00:00";"0000-00-00 00:00:00"
"506";"1245";"Y";"沈阳玖伍苑文化有限公司";"WW0O";"45";"2097152";"2097152";"2017-11-22 13:31:23";"2019-10-17 16:00:11";"T";"E";"0";"0";"2018-07-20 18:28:59";"0000-00-00 00:00:00";"0000-00-00 00:00:00"
"507";"1246";"Y";"乔丹百尚";"OH5X";"45";"104857600";"104042404";"2017-11-22 22:29:45";"2019-10-17 16:00:11";"P";"Y";"0";"0";NULL;"0000-00-00 00:00:00";"0000-00-00 00:00:00"
"508";"1247";"Y";"奥迪";"VP5A";"9";"104857600";"104836320";"2017-11-23 16:11:12";"2019-10-17 16:00:11";"P";"E";"0";"0";"2019-07-26 09:27:49";"0000-00-00 00:00:00";"0000-00-00 00:00:00"
"509";"1248";"Y";"恒电科技";"O4KT";"45";"2097152";"2097152";"2017-11-29 08:33:14";"2019-10-17 16:00:11";"T";"E";"0";"0";"2018-07-04 23:59:59";"0000-00-00 00:00:00";"0000-00-00 00:00:00"
"510";"1249";"Y";"partner tech";"ECOV";"45";"2097152";"2097152";"2017-12-01 12:08:43";"2019-10-17 16:00:11";"T";"E";"0";"0";"2018-07-06 23:59:59";"0000-00-00 00:00:00";"0000-00-00 00:00:00"
"511";"1250";"Y";"benq";"YY9K";"45";"2097152";"2097152";"2017-12-04 10:24:12";"2019-10-17 16:00:11";"T";"E";"0";"0";"2018-07-09 23:59:59";"0000-00-00 00:00:00";"0000-00-00 00:00:00"
"512";"1251";"Y";"Benq";"CZBZ";"16";"2097152";"2097152";"2017-12-04 11:43:15";"2019-10-17 16:00:11";"T";"E";"0";"0";"2018-07-09 23:59:59";"0000-00-00 00:00:00";"0000-00-00 00:00:00"
"513";"1252";"Y";"allen";"VJEO";"4";"2097152";"2097152";"2017-12-07 19:33:55";"2019-10-17 16:00:11";"T";"E";"0";"0";"2018-07-12 23:59:59";"0000-00-00 00:00:00";"0000-00-00 00:00:00"
"514";"1253";"Y";"BenQ";"MQVL";"218";"2097152";"2097152";"2017-12-08 19:58:19";"2019-10-17 16:00:11";"T";"E";"0";"0";"2018-07-14 00:00:24";"0000-00-00 00:00:00";"0000-00-00 00:00:00"
"515";"1254";"Y";"恒电科技";"FKZP";"45";"2097152";"2097152";"2017-12-11 08:36:40";"2019-10-17 16:00:11";"T";"E";"0";"0";"2018-07-18 03:12:29";"0000-00-00 00:00:00";"0000-00-00 00:00:00"
"516";"1255";"Y";"fdasf";"MDA1";"4";"2097152";"2097152";"2017-12-14 10:22:27";"2019-10-17 16:00:11";"T";"E";"0";"0";"2018-07-19 23:59:59";"0000-00-00 00:00:00";"0000-00-00 00:00:00"
"517";"1256";"Y";"体育东路小学";"JB60";"45";"2097152";"2097152";"2017-12-18 14:57:38";"2019-10-17 16:00:11";"T";"E";"0";"0";"2018-07-23 23:59:59";"0000-00-00 00:00:00";"0000-00-00 00:00:00"
"518";"1257";"Y";"上海创建";"LACV";"45";"2097152";"2097152";"2017-12-22 15:25:25";"2019-10-17 16:00:11";"T";"E";"0";"0";"2018-07-27 23:59:59";"0000-00-00 00:00:00";"0000-00-00 00:00:00"
"519";"1258";"Y";"百新书局";"DN49";"45";"104857600";"104773266";"2017-12-22 17:27:07";"2019-10-17 16:00:11";"P";"Y";"0";"0";NULL;"0000-00-00 00:00:00";"0000-00-00 00:00:00"
"520";"1259";"Y";"恒电科技";"G7WJ";"45";"2097152";"2097152";"2018-01-01 19:56:07";"2019-10-17 16:00:11";"T";"E";"0";"0";"2018-08-06 23:59:59";"0000-00-00 00:00:00";"0000-00-00 00:00:00"
"521";"1260";"Y";"唐三彩";"1LJF";"45";"0";"0";"2018-01-02 16:36:23";"2019-10-17 16:00:11";"T";"E";"0";"0";"2018-07-14 16:00:17";"0000-00-00 00:00:00";"0000-00-00 00:00:00"
"522";"1261";"Y";"BQC";"PM3S";"45";"2097152";"2097152";"2018-01-03 14:21:16";"2019-10-17 16:00:11";"T";"E";"0";"0";"2018-08-08 23:59:59";"0000-00-00 00:00:00";"0000-00-00 00:00:00"
"523";"1262";"Y";"顾士杰";"MNXF";"45";"2097152";"2097152";"2018-01-03 14:36:45";"2019-10-17 16:00:11";"T";"E";"0";"0";"2018-08-08 23:59:59";"0000-00-00 00:00:00";"0000-00-00 00:00:00"
"524";"1263";"Y";"恒电科技";"LRBK";"45";"2097152";"2097152";"2018-01-10 09:32:46";"2019-10-17 16:00:11";"T";"E";"0";"1";"2018-08-15 23:59:59";"0000-00-00 00:00:00";"0000-00-00 00:00:00"
"525";"1264";"Y";"恒电";"V8A5";"45";"2097152";"2097152";"2018-01-12 09:54:46";"2019-10-17 16:00:11";"T";"E";"0";"0";"2018-08-17 23:59:59";"0000-00-00 00:00:00";"0000-00-00 00:00:00"
"526";"1265";"Y";"福州新雅图测试";"SKHW";"45";"2097152";"2097152";"2018-01-24 17:12:17";"2019-10-17 16:00:11";"T";"E";"0";"0";"2018-08-29 23:59:59";"0000-00-00 00:00:00";"0000-00-00 00:00:00"
"527";"1266";"Y";"sdf";"R54X";"3";"2097152";"2097152";"2018-01-30 16:48:23";"2019-10-17 16:00:11";"T";"E";"0";"0";"2018-09-04 23:59:59";"0000-00-00 00:00:00";"0000-00-00 00:00:00"
"528";"1267";"Y";"恒电";"PZNH";"45";"2097152";"2097152";"2018-02-22 08:57:15";"2019-10-17 16:00:11";"T";"E";"0";"0";"2018-09-27 23:59:59";"0000-00-00 00:00:00";"0000-00-00 00:00:00"
"529";"1268";"Y";"恒电";"8AIB";"45";"2097152";"2097152";"2018-02-22 10:00:37";"2019-10-17 16:00:11";"T";"E";"0";"0";"2018-10-06 14:05:59";"0000-00-00 00:00:00";"0000-00-00 00:00:00"
"530";"1269";"Y";"恒电";"V1BK";"45";"2097152";"2097152";"2018-02-22 10:21:53";"2019-10-17 16:00:11";"T";"E";"0";"0";"2018-09-27 23:59:59";"0000-00-00 00:00:00";"0000-00-00 00:00:00"
"531";"1270";"Y";"恒电";"Y2E8";"45";"2097152";"2097152";"2018-02-22 10:34:28";"2019-10-17 16:00:11";"T";"E";"0";"0";"2018-09-27 23:59:59";"0000-00-00 00:00:00";"0000-00-00 00:00:00"
"532";"1271";"Y";"benq in China";"ALZC";"45";"104857600";"104679727";"2018-03-01 15:10:43";"2019-10-17 16:00:11";"P";"E";"0";"1";"2019-10-19 09:57:52";"0000-00-00 00:00:00";"0000-00-00 00:00:00"
"533";"1272";"Y";"沈阳新华购书中心有限责任公司";"DWXH";"45";"2097152";"1770075";"2018-03-02 19:12:35";"2019-10-17 16:00:11";"T";"E";"0";"0";"2018-11-05 12:34:59";"0000-00-00 00:00:00";"0000-00-00 00:00:00"
"534";"1273";"Y";"Christine";"XPLI";"45";"104857600";"104845490";"2018-03-06 10:51:12";"2019-10-17 16:00:11";"P";"Y";"0";"0";NULL;"0000-00-00 00:00:00";"0000-00-00 00:00:00"
"535";"1274";"Y";"ibase";"O67U";"45";"2097152";"2097152";"2018-03-09 11:44:32";"2019-10-17 16:00:11";"T";"E";"0";"0";"2018-10-12 23:59:59";"0000-00-00 00:00:00";"0000-00-00 00:00:00"
"536";"1275";"Y";"北京翡翠京华餐饮管理有限公司";"LQPU";"45";"104857600";"104221851";"2018-03-09 15:29:32";"2019-10-17 16:00:11";"P";"Y";"0";"0";NULL;"0000-00-00 00:00:00";"0000-00-00 00:00:00"
"537";"1276";"Y";"果木牛排";"I9KE";"45";"2097152";"2075836";"2018-03-22 14:49:44";"2019-10-17 16:00:11";"T";"E";"0";"0";"2018-10-25 23:59:59";"0000-00-00 00:00:00";"0000-00-00 00:00:00"
"538";"1277";"Y";"BQC";"DRDB";"45";"104857600";"103056686";"2018-03-22 16:18:38";"2019-10-17 16:00:11";"P";"E";"0";"0";"2019-09-26 08:31:41";"0000-00-00 00:00:00";"0000-00-00 00:00:00"
"539";"1278";"Y";"恒华";"VS1G";"45";"2097152";"89448";"2018-03-23 16:24:56";"2019-10-17 16:00:11";"T";"E";"0";"0";"2018-10-26 23:59:59";"0000-00-00 00:00:00";"0000-00-00 00:00:00"
"540";"1279";"Y";"恒华";"ORWV";"45";"2097152";"22176";"2018-03-23 16:31:02";"2019-10-17 16:00:11";"T";"E";"0";"0";"2018-10-26 23:59:59";"0000-00-00 00:00:00";"0000-00-00 00:00:00"
"541";"1280";"Y";"恒华";"CGJJ";"45";"2097152";"99224";"2018-03-23 16:33:46";"2019-10-17 16:00:11";"T";"E";"0";"0";"2018-10-26 23:59:59";"0000-00-00 00:00:00";"0000-00-00 00:00:00"
"542";"1281";"Y";"雷达体育";"DGHJ";"45";"2097152";"2097152";"2018-03-30 14:43:54";"2019-10-17 16:00:11";"T";"E";"0";"0";"2018-11-02 23:59:59";"0000-00-00 00:00:00";"0000-00-00 00:00:00"
"544";"1282";"Y";"BenQ";"GC0T";"45";"2097152";"2097152";"2018-03-30 15:04:12";"2019-10-17 16:00:11";"T";"E";"0";"0";"2018-11-02 23:59:59";"0000-00-00 00:00:00";"0000-00-00 00:00:00"
"545";"1283";"Y";"我乐家居";"9WOG";"45";"2097152";"2097152";"2018-04-01 15:07:31";"2019-10-17 16:00:11";"T";"Y";"0";"1";NULL;"0000-00-00 00:00:00";"0000-00-00 00:00:00"
"546";"1284";"Y";"benq in China";"BMDK";"45";"2097152";"2077602";"2018-04-03 13:43:22";"2019-10-17 16:00:11";"T";"E";"0";"0";"2018-11-06 23:59:59";"0000-00-00 00:00:00";"0000-00-00 00:00:00"
"547";"1285";"Y";"明基电通";"JAXQ";"45";"2097152";"2097152";"2018-04-04 09:41:29";"2019-10-17 16:00:12";"T";"E";"0";"0";"2018-11-07 23:59:59";"0000-00-00 00:00:00";"0000-00-00 00:00:00"
"548";"1286";"Y";"明基电通";"HDZH";"45";"2097152";"2063676";"2018-04-04 09:53:01";"2019-10-17 16:00:12";"T";"E";"0";"0";"2018-11-07 23:59:59";"0000-00-00 00:00:00";"0000-00-00 00:00:00"
"549";"1287";"Y";"leyou";"80E1";"12";"104857600";"94979284";"2018-04-09 10:47:47";"2019-10-17 16:00:12";"P";"Y";"0";"0";NULL;"0000-00-00 00:00:00";"0000-00-00 00:00:00"
"550";"1288";"Y";"BenQ HK";"UHEG";"92";"2097152";"1841056";"2018-04-09 19:34:02";"2019-10-17 16:00:12";"T";"Y";"0";"0";NULL;"0000-00-00 00:00:00";"0000-00-00 00:00:00"
"551";"1289";"Y";"明基电通";"8LXB";"45";"0";"0";"2018-04-12 17:12:32";"2019-10-17 16:00:12";"T";"E";"0";"0";"2018-10-16 16:00:18";"0000-00-00 00:00:00";"0000-00-00 00:00:00"
"552";"1290";"Y";"benq";"1QCG";"45";"0";"0";"2018-04-13 14:26:19";"2019-10-17 16:00:12";"T";"E";"0";"0";"2018-10-17 16:00:18";"0000-00-00 00:00:00";"0000-00-00 00:00:00"
"553";"1291";"Y";"恒华";"YEIQ";"45";"2097152";"67435";"2018-04-20 09:02:26";"2019-10-17 16:00:12";"T";"Y";"0";"0";NULL;"0000-00-00 00:00:00";"0000-00-00 00:00:00"
"554";"1292";"Y";"恒华";"HGNJ";"45";"2097152";"44207";"2018-04-20 09:13:58";"2019-10-17 16:00:12";"T";"Y";"0";"0";NULL;"0000-00-00 00:00:00";"0000-00-00 00:00:00"
"555";"1293";"Y";"恒华";"DIDR";"45";"2097152";"53996";"2018-04-20 09:16:53";"2019-10-17 16:00:12";"T";"Y";"0";"0";NULL;"0000-00-00 00:00:00";"0000-00-00 00:00:00"
"556";"1294";"Y";"我乐全屋定制";"M8K5";"45";"0";"0";"2018-04-20 15:31:06";"2019-10-17 16:00:12";"T";"E";"0";"0";"2018-10-24 16:00:19";"0000-00-00 00:00:00";"0000-00-00 00:00:00"
"557";"1295";"Y";"我乐全屋定制";"DDFT";"45";"2097152";"2097152";"2018-04-20 15:35:15";"2019-10-17 16:00:12";"T";"Y";"0";"0";NULL;"0000-00-00 00:00:00";"0000-00-00 00:00:00"
"558";"1296";"Y";"拍档电子科技北京分公司";"GTEQ";"45";"2097152";"2089103";"2018-04-25 10:40:27";"2019-10-17 16:00:12";"T";"Y";"0";"0";NULL;"0000-00-00 00:00:00";"0000-00-00 00:00:00"
"559";"1297";"Y";"杭州莱准智能科技有限公司";"WZM8";"45";"104857600";"104834077";"2018-05-03 13:27:55";"2019-10-17 16:00:12";"P";"Y";"0";"0";NULL;"0000-00-00 00:00:00";"0000-00-00 00:00:00"
"560";"1298";"Y";"邵万生";"CS5Q";"45";"104857600";"104731212";"2018-05-04 14:06:02";"2019-10-17 16:00:12";"P";"Y";"0";"0";NULL;"0000-00-00 00:00:00";"0000-00-00 00:00:00"
"561";"1299";"Y";"benq";"QQYS";"45";"2097152";"2051175";"2018-05-07 14:50:20";"2019-10-17 16:00:12";"T";"Y";"0";"0";NULL;"0000-00-00 00:00:00";"0000-00-00 00:00:00"
"562";"1300";"Y";"BenQ";"RNJ4";"45";"2097152";"2097152";"2018-05-07 16:44:42";"2019-10-17 16:00:12";"T";"Y";"0";"0";NULL;"0000-00-00 00:00:00";"0000-00-00 00:00:00"
"563";"1301";"Y";"Aliyun_2.0MR Co.";"XFVA";"45";"104857600";"103637106";"2018-05-08 18:15:54";"2019-10-17 16:00:12";"P";"Y";"0";"0";NULL;"0000-00-00 00:00:00";"0000-00-00 00:00:00"
"564";"1302";"Y";"BQC-明基电通";"QZHS";"45";"104857600";"59351997";"2018-05-09 13:04:50";"2019-10-17 16:00:12";"P";"Y";"0";"1";NULL;"0000-00-00 00:00:00";"0000-00-00 00:00:00"
"565";"1303";"Y";"Benq";"7TEB";"218";"104857600";"104839715";"2018-05-09 08:57:33";"2019-10-17 16:00:12";"P";"Y";"0";"0";NULL;"0000-00-00 00:00:00";"0000-00-00 00:00:00"
"566";"1305";"Y";"BenQ";"YQ1K";"45";"2097152";"2079958";"2018-05-09 08:57:35";"2019-10-17 16:00:12";"T";"Y";"0";"0";NULL;"0000-00-00 00:00:00";"0000-00-00 00:00:00"
"567";"1304";"Y";"paula";"OKKC";"45";"2097152";"2089009";"2018-05-09 08:57:56";"2019-10-17 16:00:12";"T";"Y";"0";"0";NULL;"0000-00-00 00:00:00";"0000-00-00 00:00:00"
"568";"1306";"Y";"BenQ";"SE8N";"218";"2097152";"2096998";"2018-05-09 08:58:24";"2019-10-17 16:00:12";"T";"Y";"0";"0";NULL;"0000-00-00 00:00:00";"0000-00-00 00:00:00"
"569";"1307";"Y";"Benq";"2KTF";"1";"2097152";"2096901";"2018-05-09 09:09:03";"2019-10-17 16:00:12";"T";"Y";"0";"0";NULL;"0000-00-00 00:00:00";"0000-00-00 00:00:00"
"570";"1308";"Y";"11";"BX1J";"45";"0";"0";"2018-05-09 10:21:50";"2019-10-17 16:00:12";"T";"E";"0";"0";"2018-11-12 16:00:19";"0000-00-00 00:00:00";"0000-00-00 00:00:00"
"571";"1309";"Y";"11";"03AN";"45";"2097152";"1820795";"2018-05-09 10:26:50";"2019-10-17 16:00:12";"T";"Y";"0";"0";NULL;"0000-00-00 00:00:00";"0000-00-00 00:00:00"
"572";"1310";"Y";"Aliyun_user3 Co.";"GVQZ";"6";"2097152";"2097152";"2018-05-09 12:27:14";"2019-10-17 16:00:12";"T";"Y";"0";"0";NULL;"0000-00-00 00:00:00";"0000-00-00 00:00:00"
"573";"1311";"Y";"恒华";"N7FI";"45";"2097152";"343988";"2018-05-16 08:07:14";"2019-10-17 16:00:12";"T";"Y";"0";"0";NULL;"0000-00-00 00:00:00";"0000-00-00 00:00:00"
"574";"1312";"Y";"明基";"ZVNV";"45";"2097152";"2092923";"2018-05-16 09:19:21";"2019-10-17 16:00:12";"T";"Y";"0";"1";NULL;"0000-00-00 00:00:00";"0000-00-00 00:00:00"
"575";"1313";"Y";"恒华";"5JJE";"45";"2097152";"198786";"2018-05-16 09:35:56";"2019-10-17 16:00:12";"T";"Y";"0";"0";NULL;"0000-00-00 00:00:00";"0000-00-00 00:00:00"
"576";"1314";"Y";"恒华";"DDXW";"45";"2097152";"43758";"2018-05-17 02:40:07";"2019-10-17 16:00:12";"T";"E";"0";"0";"2019-01-21 15:20:42";"0000-00-00 00:00:00";"0000-00-00 00:00:00"
"577";"1315";"Y";"benq";"I79M";"45";"2097152";"1732201";"2018-05-17 08:33:23";"2019-10-17 16:00:12";"T";"E";"0";"1";"2019-02-19 09:01:43";"0000-00-00 00:00:00";"0000-00-00 00:00:00"
"578";"1316";"Y";"明基教育Test";"PWVY";"45";"2097152";"1596787";"2018-05-18 02:40:48";"2019-10-17 16:00:12";"T";"Y";"0";"0";NULL;"0000-00-00 00:00:00";"0000-00-00 00:00:00"
"579";"1317";"Y";"恒华";"BXWR";"45";"2097152";"2097152";"2018-05-23 07:39:01";"2019-10-17 16:00:12";"T";"E";"0";"0";"2019-02-01 01:40:17";"0000-00-00 00:00:00";"0000-00-00 00:00:00"
"580";"1318";"Y";"北京华糖洋华堂商业有限公司";"WZDH";"45";"104857600";"74475123";"2018-05-30 01:39:16";"2019-10-18 01:55:11";"P";"Y";"0";"0";NULL;"0000-00-00 00:00:00";"0000-00-00 00:00:00"
"581";"1319";"Y";"沈阳出版发行集团";"91DM";"45";"2097152";"1984147";"2018-06-10 02:59:17";"2019-10-17 16:00:12";"T";"Y";"0";"0";NULL;"0000-00-00 00:00:00";"0000-00-00 00:00:00"
"582";"1320";"Y";"恒华";"HPEL";"45";"2097152";"2097152";"2018-06-13 09:09:57";"2019-10-17 16:00:12";"T";"E";"0";"0";"2019-01-19 09:41:50";"0000-00-00 00:00:00";"0000-00-00 00:00:00"
"583";"1321";"Y";"恒华";"XVNH";"45";"2097152";"2097152";"2018-06-14 01:16:51";"2019-10-17 16:00:12";"T";"E";"0";"0";"2019-02-19 09:47:30";"0000-00-00 00:00:00";"0000-00-00 00:00:00"
"584";"1327";"Y";"benq";"2H3C";"2";"2097152";"2097152";"2018-06-15 00:24:28";"2019-10-17 16:00:12";"T";"Y";"0";"0";NULL;"0000-00-00 00:00:00";"0000-00-00 00:00:00"
"585";"1328";"Y";"Sunlight QQQ";"PDBB";"45";"2097152";"2097152";"2018-06-15 03:14:20";"2019-10-17 16:00:12";"T";"Y";"0";"0";NULL;"0000-00-00 00:00:00";"0000-00-00 00:00:00"
"586";"1329";"Y";"Toys""R""Us";"FV0E";"92";"104857600";"75919495";"2018-06-20 03:57:40";"2019-10-17 16:00:12";"P";"Y";"0";"0";NULL;"0000-00-00 00:00:00";"0000-00-00 00:00:00"
"587";"1322";"Y";"恒华";"1IVR";"45";"0";"0";"2018-06-21 01:05:13";"2019-10-17 16:00:12";"T";"E";"0";"0";"2018-12-25 16:00:11";"0000-00-00 00:00:00";"0000-00-00 00:00:00"
"588";"1323";"Y";"恒华";"RB6Q";"45";"0";"0";"2018-06-21 01:05:13";"2019-10-17 16:00:12";"T";"E";"0";"0";"2018-12-25 16:00:11";"0000-00-00 00:00:00";"0000-00-00 00:00:00"
"589";"1324";"Y";"BenQ";"EKMA";"45";"2097152";"2097128";"2018-06-21 01:05:13";"2019-10-17 16:00:12";"T";"Y";"0";"0";NULL;"0000-00-00 00:00:00";"0000-00-00 00:00:00"
"590";"1325";"Y";"test account";"EYZU";"45";"0";"0";"2018-06-21 01:05:13";"2019-10-17 16:00:12";"T";"E";"0";"0";"2018-12-25 16:00:11";"0000-00-00 00:00:00";"0000-00-00 00:00:00"
"591";"1326";"Y";"company account";"W3FF";"45";"0";"0";"2018-06-21 01:05:13";"2019-10-17 16:00:12";"T";"E";"0";"0";"2018-12-25 16:00:11";"0000-00-00 00:00:00";"0000-00-00 00:00:00"
"592";"1330";"Y";"BenQ HK";"E9VU";"92";"2097152";"2070443";"2018-06-25 08:36:35";"2019-10-17 16:00:12";"T";"Y";"0";"0";NULL;"0000-00-00 00:00:00";"0000-00-00 00:00:00"
"593";"1331";"Y";"重庆攀越科技";"FJEC";"45";"0";"0";"2018-06-28 04:07:12";"2019-10-17 16:00:12";"T";"E";"0";"0";"2019-01-01 16:00:19";"0000-00-00 00:00:00";"0000-00-00 00:00:00"
"636";"1337";"Y";"Benq";"LOMB";"5";"2097152";"2097152";"2018-07-16 09:36:16";"2019-10-17 16:00:12";"T";"Y";"0";"0";NULL;"0000-00-00 00:00:00";"0000-00-00 00:00:00"
"638";"1338";"Y";"sdfsf";"SU5U";"4";"2097152";"2097152";"2018-07-16 09:38:15";"2019-10-17 16:00:12";"T";"Y";"0";"0";NULL;"0000-00-00 00:00:00";"0000-00-00 00:00:00"
"639";"1336";"Y";"YOP5";"SANZ";"45";"2097152";"2097152";"2018-07-16 09:41:38";"2019-10-17 16:00:12";"T";"Y";"0";"0";NULL;"0000-00-00 00:00:00";"0000-00-00 00:00:00"
"641";"1339";"Y";"YOPTEST6";"R6VD";"45";"2097152";"2097152";"2018-07-16 09:43:19";"2019-10-17 16:00:12";"T";"Y";"0";"0";NULL;"0000-00-00 00:00:00";"0000-00-00 00:00:00"
"643";"1340";"Y";"ZHY";"XRRO";"45";"2097152";"1021267";"2018-07-20 01:36:38";"2019-10-17 16:00:12";"T";"E";"0";"0";"2019-06-05 06:46:50";"0000-00-00 00:00:00";"0000-00-00 00:00:00"
"645";"1341";"Y";"benq";"9DNC";"45";"2097152";"1264651";"2018-07-20 02:54:15";"2019-10-17 16:00:12";"T";"E";"0";"0";"2019-03-01 11:27:52";"0000-00-00 00:00:00";"0000-00-00 00:00:00"
"648";"1343";"Y";"明基电通";"QVFA";"45";"2097152";"1873076";"2018-07-23 03:30:46";"2019-10-17 16:00:12";"T";"E";"0";"1";"2019-11-20 06:41:27";"0000-00-00 00:00:00";"0000-00-00 00:00:00"
"650";"1344";"Y";"明基";"BKDL";"45";"2097152";"2087374";"2018-07-23 05:07:20";"2019-10-17 16:00:12";"T";"Y";"0";"0";NULL;"0000-00-00 00:00:00";"0000-00-00 00:00:00"
"652";"1345";"Y";"BENQ";"R5B3";"45";"2097152";"1765428";"2018-07-23 05:50:03";"2019-10-17 16:00:12";"T";"E";"0";"1";"2019-11-06 05:54:02";"0000-00-00 00:00:00";"0000-00-00 00:00:00"
"654";"1346";"Y";"Unicross";"YWJQ";"45";"2097152";"2097152";"2018-07-24 04:12:51";"2019-10-17 16:00:12";"T";"Y";"0";"0";NULL;"0000-00-00 00:00:00";"0000-00-00 00:00:00"
"655";"1332";"Y";"BenQ";"UBKA";"45";"2097152";"2096520";"2018-08-01 01:30:51";"2019-10-17 16:00:12";"T";"Y";"0";"0";NULL;"0000-00-00 00:00:00";"0000-00-00 00:00:00"
"657";"1347";"Y";"重庆攀越科技";"WORC";"45";"2097152";"1301757";"2018-08-01 06:06:42";"2019-10-17 16:00:12";"T";"E";"0";"0";"2019-05-14 00:56:53";"0000-00-00 00:00:00";"0000-00-00 00:00:00"
"659";"1348";"Y";"BenQ";"PBDE";"45";"2097152";"2065693";"2018-08-01 07:20:36";"2019-10-17 16:00:12";"T";"Y";"0";"0";NULL;"0000-00-00 00:00:00";"0000-00-00 00:00:00"
"661";"1349";"Y";"benq";"SADA";"45";"2097152";"2067654";"2018-08-02 04:23:00";"2019-10-17 16:00:12";"T";"E";"0";"1";"2019-06-18 00:47:00";"0000-00-00 00:00:00";"0000-00-00 00:00:00"
"664";"1351";"Y";"明基电通有限公司谁谁谁的分公司";"WQHG";"45";"2097152";"2090941";"2018-08-03 05:18:46";"2019-10-17 16:00:12";"T";"Y";"0";"0";NULL;"0000-00-00 00:00:00";"0000-00-00 00:00:00"
"665";"1350";"Y";"BQC";"1ESV";"45";"2097152";"1960611";"2018-08-03 05:20:18";"2019-10-17 16:00:12";"T";"Y";"0";"0";NULL;"0000-00-00 00:00:00";"0000-00-00 00:00:00"
"667";"1352";"Y";"明基电通";"GEHS";"45";"2097152";"422987";"2018-08-09 05:23:15";"2019-10-17 16:00:12";"T";"Y";"0";"0";NULL;"0000-00-00 00:00:00";"0000-00-00 00:00:00"
"669";"1353";"Y";"New Balance";"O2ZE";"45";"104857600";"104032768";"2018-08-13 03:40:49";"2019-10-17 16:00:12";"P";"Y";"0";"0";NULL;"0000-00-00 00:00:00";"0000-00-00 00:00:00"
"671";"1354";"Y";"拍档电子科技";"HAZD";"45";"104857600";"104593610";"2018-08-13 06:21:51";"2019-10-17 16:00:12";"P";"Y";"0";"0";NULL;"0000-00-00 00:00:00";"0000-00-00 00:00:00"
"673";"1355";"Y";"hajdhc";"ZT72";"1";"0";"0";"2018-08-16 01:46:12";"2019-10-17 16:00:12";"T";"E";"0";"0";"2019-02-19 16:00:11";"0000-00-00 00:00:00";"0000-00-00 00:00:00"
"675";"1356";"Y";"abcd";"UPG3";"45";"0";"0";"2018-08-16 05:29:45";"2019-10-17 16:00:12";"T";"E";"0";"0";"2019-02-19 16:00:11";"0000-00-00 00:00:00";"0000-00-00 00:00:00"
"677";"1357";"Y";"雪峰电子";"FEDB";"45";"2097152";"2097152";"2018-08-17 02:58:35";"2019-10-17 16:00:12";"T";"Y";"0";"0";NULL;"0000-00-00 00:00:00";"0000-00-00 00:00:00"
"678";"1358";"Y";"sadf";"6TIA";"2";"2097152";"2097152";"2018-08-17 05:16:34";"2019-10-17 16:00:12";"T";"Y";"0";"0";NULL;"0000-00-00 00:00:00";"0000-00-00 00:00:00"
"679";"1359";"Y";"雪峰电子";"SJCG";"45";"2097152";"2051063";"2018-08-17 06:01:19";"2019-10-17 16:00:12";"T";"Y";"0";"0";NULL;"0000-00-00 00:00:00";"0000-00-00 00:00:00"
"680";"1360";"Y";"benq";"AZSD";"45";"2097152";"2097152";"2018-08-21 01:58:40";"2019-10-17 16:00:12";"T";"Y";"0";"0";NULL;"0000-00-00 00:00:00";"0000-00-00 00:00:00"
"681";"1361";"Y";"新东方";"9AUU";"1";"2097152";"2084402";"2018-08-21 02:31:47";"2019-10-17 16:00:12";"T";"Y";"0";"0";NULL;"0000-00-00 00:00:00";"0000-00-00 00:00:00"
"682";"1362";"Y";"benq";"ODSX";"45";"2097152";"1018721";"2018-08-21 07:51:10";"2019-10-17 16:00:12";"T";"Y";"0";"0";NULL;"0000-00-00 00:00:00";"0000-00-00 00:00:00"
"683";"1363";"Y";"benq";"YJ7N";"45";"2097152";"1526316";"2018-08-23 03:42:38";"2019-10-17 16:00:12";"T";"E";"0";"0";"2019-03-29 06:40:34";"0000-00-00 00:00:00";"0000-00-00 00:00:00"
"684";"1364";"Y";"明基电通";"LPKE";"45";"0";"0";"2018-08-23 08:26:23";"2019-10-17 16:00:12";"T";"E";"0";"0";"2019-02-26 16:00:11";"0000-00-00 00:00:00";"0000-00-00 00:00:00"
"685";"1365";"Y";"hzdyc";"QABY";"45";"104857600";"104852976";"2018-08-26 07:56:33";"2019-10-17 16:00:12";"P";"Y";"0";"0";NULL;"0000-00-00 00:00:00";"0000-00-00 00:00:00"
"686";"1366";"Y";"company";"VSZO";"1";"2097152";"2097152";"2018-08-28 08:52:16";"2019-10-17 16:00:12";"T";"Y";"0";"0";NULL;"0000-00-00 00:00:00";"0000-00-00 00:00:00"
"687";"1367";"Y";"恒华";"JH7K";"45";"2097152";"453747";"2018-08-29 02:37:37";"2019-10-17 16:00:12";"T";"Y";"0";"0";NULL;"0000-00-00 00:00:00";"0000-00-00 00:00:00"
"688";"1368";"Y";"heshipei.com";"YIO8";"45";"2097152";"2091645";"2018-08-29 12:22:58";"2019-10-17 16:00:12";"T";"Y";"0";"0";NULL;"0000-00-00 00:00:00";"0000-00-00 00:00:00"
"689";"1369";"Y";"恒华";"JFA0";"45";"2097152";"1169308";"2018-08-30 11:40:42";"2019-10-17 16:00:12";"T";"Y";"0";"0";NULL;"0000-00-00 00:00:00";"0000-00-00 00:00:00"
"690";"1370";"Y";"恒华";"0OTV";"45";"2097152";"187444";"2018-08-30 12:34:55";"2019-10-17 16:00:12";"T";"Y";"0";"0";NULL;"0000-00-00 00:00:00";"0000-00-00 00:00:00"
"691";"1371";"Y";"恒华";"XAVP";"45";"2097152";"641375";"2018-08-30 13:17:00";"2019-10-17 16:00:12";"T";"Y";"0";"0";NULL;"0000-00-00 00:00:00";"0000-00-00 00:00:00"
"692";"1372";"Y";"BQC";"MHXM";"45";"2097152";"1504058";"2018-09-04 08:50:53";"2019-10-17 16:00:12";"T";"E";"0";"0";"2019-06-01 01:33:01";"0000-00-00 00:00:00";"0000-00-00 00:00:00"
"693";"1373";"Y";"LAWSON";"KOFY";"45";"2097152";"1868301";"2018-09-13 06:28:29";"2019-10-17 16:00:12";"T";"Y";"0";"0";NULL;"0000-00-00 00:00:00";"0000-00-00 00:00:00"
"694";"1374";"Y";"无锡优易智能";"K3ZP";"45";"0";"0";"2018-09-14 03:26:46";"2019-10-17 16:00:12";"T";"E";"0";"0";"2019-03-20 16:00:19";"0000-00-00 00:00:00";"0000-00-00 00:00:00"
"695";"1375";"Y";"温州市实验中学";"CTZL";"45";"104857600";"103297150";"2018-09-25 03:01:32";"2019-10-17 16:00:12";"P";"Y";"0";"0";NULL;"0000-00-00 00:00:00";"0000-00-00 00:00:00"
"696";"1376";"Y";"广东恒华鑫艺创新科技有限公司";"SRJW";"45";"2097152";"1367485";"2018-09-28 09:16:15";"2019-10-17 16:00:12";"T";"Y";"0";"0";NULL;"0000-00-00 00:00:00";"0000-00-00 00:00:00"
"697";"1377";"Y";"恒华鑫艺";"LAHC";"45";"2097152";"207753";"2018-09-28 09:24:50";"2019-10-17 16:00:12";"T";"Y";"0";"0";NULL;"0000-00-00 00:00:00";"0000-00-00 00:00:00"
"698";"1378";"Y";"恒华鑫艺";"YJ8A";"45";"2097152";"1069279";"2018-09-28 09:29:12";"2019-10-17 16:00:12";"T";"Y";"0";"0";NULL;"0000-00-00 00:00:00";"0000-00-00 00:00:00"
"699";"1379";"Y";"恒华鑫艺";"I6J6";"45";"2097152";"915138";"2018-09-28 09:35:19";"2019-10-17 16:00:12";"T";"Y";"0";"0";NULL;"0000-00-00 00:00:00";"0000-00-00 00:00:00"
"700";"1380";"Y";"明基";"SGPW";"45";"2097152";"2007842";"2018-10-10 07:22:34";"2019-10-17 16:00:12";"T";"E";"0";"0";"2020-01-02 09:43:30";"0000-00-00 00:00:00";"0000-00-00 00:00:00"
"701";"1381";"Y";"turkiye";"W6GL";"215";"2097152";"2097152";"2018-10-22 06:01:43";"2019-10-17 16:00:12";"T";"Y";"0";"0";NULL;"0000-00-00 00:00:00";"0000-00-00 00:00:00"
"702";"1382";"Y";"benq";"S6OB";"45";"0";"0";"2018-10-23 06:51:32";"2019-10-17 16:00:12";"T";"E";"0";"0";"2019-04-28 16:00:10";"0000-00-00 00:00:00";"0000-00-00 00:00:00"
"703";"1383";"Y";"benq";"2PYY";"45";"2097152";"2097152";"2018-10-23 06:52:49";"2019-10-17 16:00:12";"T";"Y";"0";"0";NULL;"0000-00-00 00:00:00";"0000-00-00 00:00:00"
"704";"1384";"Y";"恒华鑫艺";"FJP0";"45";"2097152";"1257994";"2018-10-25 08:07:42";"2019-10-17 16:00:12";"T";"Y";"0";"0";NULL;"0000-00-00 00:00:00";"0000-00-00 00:00:00"
"705";"1385";"Y";"恒华鑫艺";"NIHV";"45";"2097152";"1392785";"2018-10-25 08:42:48";"2019-10-17 16:00:12";"T";"Y";"0";"0";NULL;"0000-00-00 00:00:00";"0000-00-00 00:00:00"
"706";"1386";"Y";"恒华鑫艺";"S2C7";"45";"2097152";"134734";"2018-10-25 09:41:20";"2019-10-17 16:00:12";"T";"Y";"0";"0";NULL;"0000-00-00 00:00:00";"0000-00-00 00:00:00"
"707";"1387";"Y";"拍档电子科技（上海）有限公司武汉";"DNII";"45";"2097152";"2097152";"2018-10-27 04:38:37";"2019-10-17 16:00:12";"T";"Y";"0";"0";NULL;"0000-00-00 00:00:00";"0000-00-00 00:00:00"
"708";"1388";"Y";"bqc";"7YYJ";"45";"104857600";"103746514";"2018-10-31 04:59:54";"2019-10-17 16:00:12";"P";"Y";"0";"1";NULL;"0000-00-00 00:00:00";"0000-00-00 00:00:00"
"709";"1389";"Y";"paula20181016";"XACX";"45";"2097152";"1433620";"2018-11-01 07:11:04";"2019-10-17 16:00:12";"T";"Y";"0";"0";NULL;"0000-00-00 00:00:00";"0000-00-00 00:00:00"
"710";"1390";"Y";"济南市长清区第一初级中学";"LTZM";"45";"104857600";"104410602";"2018-11-02 05:50:57";"2019-10-17 16:00:12";"P";"Y";"0";"0";NULL;"0000-00-00 00:00:00";"0000-00-00 00:00:00"
"711";"1391";"Y";"看见光影";"AQN8";"45";"2097152";"2097152";"2018-11-07 08:29:20";"2019-10-17 16:00:12";"T";"Y";"0";"0";NULL;"0000-00-00 00:00:00";"0000-00-00 00:00:00"
"712";"1392";"Y";"BenQ";"N9EA";"45";"0";"0";"2018-11-09 06:10:14";"2019-10-17 16:00:12";"T";"E";"0";"0";"2019-05-15 16:00:21";"0000-00-00 00:00:00";"0000-00-00 00:00:00"
"713";"1393";"Y";"佳云合创";"6A8N";"45";"2097152";"1988000";"2018-11-14 07:29:09";"2019-10-17 16:00:12";"T";"Y";"0";"0";NULL;"0000-00-00 00:00:00";"0000-00-00 00:00:00"
"714";"1394";"Y";"上海厨意电子商务有限公司";"CBXM";"45";"2097152";"344793";"2018-11-20 02:36:49";"2019-10-17 16:00:12";"T";"E";"0";"0";"2019-08-02 07:01:55";"0000-00-00 00:00:00";"0000-00-00 00:00:00"
"715";"1395";"Y";"ABC";"4WFT";"45";"2097152";"2097152";"2018-11-20 03:00:00";"2019-10-17 16:00:12";"T";"Y";"0";"0";NULL;"0000-00-00 00:00:00";"0000-00-00 00:00:00"
"716";"1396";"Y";"恒华";"DVEN";"45";"2097152";"865500";"2018-11-22 01:26:43";"2019-10-17 16:00:12";"T";"Y";"0";"0";NULL;"0000-00-00 00:00:00";"0000-00-00 00:00:00"
"717";"1397";"Y";"恒华";"G9AC";"45";"2097152";"754596";"2018-11-22 02:04:03";"2019-10-17 16:00:12";"T";"Y";"0";"0";NULL;"0000-00-00 00:00:00";"0000-00-00 00:00:00"
"718";"1398";"Y";"恒华";"2VHI";"45";"2097152";"930437";"2018-11-22 05:58:59";"2019-10-17 16:00:12";"T";"Y";"0";"0";NULL;"0000-00-00 00:00:00";"0000-00-00 00:00:00"
"719";"1399";"Y";"恒华";"SRA4";"45";"2097152";"693681";"2018-11-22 07:49:17";"2019-10-17 16:00:12";"T";"E";"0";"0";"2019-08-27 08:34:37";"0000-00-00 00:00:00";"0000-00-00 00:00:00"
"720";"1400";"Y";"周黑鸭国际控股有限公司";"BGLI";"45";"2097152";"1057764";"2018-12-04 07:48:07";"2019-10-17 16:00:12";"T";"Y";"0";"0";NULL;"0000-00-00 00:00:00";"0000-00-00 00:00:00"
"721";"1401";"Y";"fwe";"FMGH";"2";"0";"0";"2018-12-04 08:53:37";"2019-10-17 16:00:12";"T";"E";"0";"0";"2019-06-09 16:00:12";"0000-00-00 00:00:00";"0000-00-00 00:00:00"
"722";"1402";"Y";"明基";"LBOI";"45";"2097152";"2084272";"2018-12-05 03:11:15";"2019-10-17 16:00:12";"T";"Y";"0";"0";NULL;"0000-00-00 00:00:00";"0000-00-00 00:00:00"
"723";"1403";"Y";"kaitlynyop2";"8X0E";"45";"104857600";"104322209";"2018-12-05 11:29:36";"2019-10-17 16:00:12";"P";"Y";"0";"0";NULL;"0000-00-00 00:00:00";"0000-00-00 00:00:00"
"724";"1404";"Y";"拍档电子";"SYLI";"45";"2097152";"2049011";"2018-12-07 02:57:02";"2019-10-17 16:00:12";"T";"Y";"0";"0";NULL;"0000-00-00 00:00:00";"0000-00-00 00:00:00"
"725";"1405";"Y";"BQC";"3LTE";"45";"2097152";"2097152";"2018-12-13 05:10:36";"2019-10-17 16:00:12";"T";"Y";"0";"0";NULL;"0000-00-00 00:00:00";"0000-00-00 00:00:00"
"726";"1406";"Y";"恒华";"E1KV";"45";"2097152";"805250";"2018-12-20 01:15:29";"2019-10-17 16:00:12";"T";"E";"0";"0";"2019-07-28 03:08:46";"0000-00-00 00:00:00";"0000-00-00 00:00:00"
"727";"1407";"Y";"恒华";"5PDS";"45";"2097152";"900495";"2018-12-20 09:07:35";"2019-10-17 16:00:12";"T";"Y";"0";"0";NULL;"0000-00-00 00:00:00";"0000-00-00 00:00:00"
"728";"1408";"Y";"恒华";"SNSV";"45";"2097152";"776238";"2018-12-20 09:18:53";"2019-10-17 16:00:12";"T";"Y";"0";"0";NULL;"0000-00-00 00:00:00";"0000-00-00 00:00:00"
"729";"1409";"Y";"中天瑞合";"XNAZ";"45";"2097152";"2056226";"2018-12-24 08:13:05";"2019-10-17 16:00:12";"T";"Y";"0";"0";NULL;"0000-00-00 00:00:00";"0000-00-00 00:00:00"
"730";"1410";"Y";"南京鑫炙垣科技有限公司";"WGA1";"45";"2097152";"1678629";"2018-12-26 05:33:39";"2019-10-17 16:00:12";"T";"Y";"0";"0";NULL;"0000-00-00 00:00:00";"0000-00-00 00:00:00"
"731";"1411";"Y";"福建省精彩数字电子科技有限公司";"HLQN";"45";"2097152";"2097152";"2018-12-29 03:03:14";"2019-10-17 16:00:12";"T";"Y";"0";"0";NULL;"0000-00-00 00:00:00";"0000-00-00 00:00:00"
"732";"1412";"Y";"明基";"CBHM";"45";"2097152";"2021843";"2018-12-29 06:53:52";"2019-10-17 16:00:12";"T";"Y";"0";"0";NULL;"0000-00-00 00:00:00";"0000-00-00 00:00:00"
"733";"1413";"Y";"CCCKTPS";"R0TP";"92";"2097152";"2095236";"2019-01-02 06:39:39";"2019-10-17 16:00:12";"T";"Y";"0";"0";NULL;"0000-00-00 00:00:00";"0000-00-00 00:00:00"
"734";"1414";"Y";"BenQ";"FIH0";"218";"104857600";"104857600";"2019-01-02 08:05:34";"2019-10-17 16:00:12";"P";"Y";"0";"0";NULL;"0000-00-00 00:00:00";"0000-00-00 00:00:00"
"735";"1415";"Y";"nuistcmd";"RJPW";"45";"104857600";"104845770";"2019-01-08 03:48:10";"2019-10-17 16:00:12";"P";"Y";"0";"0";NULL;"0000-00-00 00:00:00";"0000-00-00 00:00:00"
"736";"1416";"Y";"bhg";"8JQF";"45";"104857600";"97603235";"2019-01-10 14:44:53";"2019-10-17 16:00:12";"P";"Y";"0";"1";NULL;"0000-00-00 00:00:00";"0000-00-00 00:00:00"
"737";"1417";"Y";"Test";"HCJC";"218";"2097152";"2097152";"2019-01-11 01:05:18";"2019-10-17 16:00:12";"T";"Y";"0";"0";NULL;"0000-00-00 00:00:00";"0000-00-00 00:00:00"
"738";"1418";"Y";"BQC";"KANZ";"45";"2097152";"2048536";"2019-01-11 07:29:55";"2019-10-17 16:00:12";"T";"Y";"0";"0";NULL;"0000-00-00 00:00:00";"0000-00-00 00:00:00"
"739";"1419";"Y";"湖南科融信息科技有限公司";"KUGU";"45";"104857600";"104851927";"2019-01-16 07:18:55";"2019-10-17 16:00:12";"P";"Y";"0";"0";NULL;"0000-00-00 00:00:00";"0000-00-00 00:00:00"
"740";"1420";"Y";"中泰集团";"HVLF";"45";"104857600";"104244432";"2019-01-16 10:18:20";"2019-10-17 16:00:12";"P";"Y";"0";"0";NULL;"0000-00-00 00:00:00";"0000-00-00 00:00:00"
"741";"1421";"Y";"中泰集团";"SHSB";"45";"0";"0";"2019-01-16 10:22:01";"2019-10-17 16:00:12";"T";"E";"0";"0";"2019-07-24 16:00:29";"0000-00-00 00:00:00";"0000-00-00 00:00:00"
"742";"1422";"Y";"benq";"FT7Q";"45";"0";"0";"2019-01-18 05:52:15";"2019-10-17 16:00:12";"T";"E";"0";"0";"2019-07-24 16:00:29";"0000-00-00 00:00:00";"0000-00-00 00:00:00"
"743";"1423";"Y";"benq";"CVL7";"45";"0";"0";"2019-01-18 05:54:02";"2019-10-17 16:00:12";"T";"E";"0";"0";"2019-07-24 16:00:29";"0000-00-00 00:00:00";"0000-00-00 00:00:00"
"744";"1424";"Y";"benq";"M1MX";"45";"2097152";"126303";"2019-01-18 05:55:42";"2019-10-17 16:00:12";"T";"E";"0";"0";"2019-10-12 09:16:02";"0000-00-00 00:00:00";"0000-00-00 00:00:00"
"745";"1425";"Y";"BenQ";"VELV";"218";"2097152";"2096933";"2019-01-22 07:58:16";"2019-10-17 16:00:12";"T";"Y";"0";"0";NULL;"0000-00-00 00:00:00";"0000-00-00 00:00:00"
"746";"1426";"Y";"benqtest";"VXHU";"45";"2097152";"2096259";"2019-01-23 03:32:13";"2019-10-17 16:00:12";"T";"Y";"0";"0";NULL;"0000-00-00 00:00:00";"0000-00-00 00:00:00"
"747";"1427";"Y";"恒华";"798X";"45";"2097152";"799053";"2019-02-15 01:21:44";"2019-10-17 16:00:12";"T";"Y";"0";"0";NULL;"0000-00-00 00:00:00";"0000-00-00 00:00:00"
"748";"1428";"Y";"恒华";"LH4U";"45";"2097152";"629696";"2019-02-15 01:28:21";"2019-10-17 16:00:12";"T";"Y";"0";"0";NULL;"0000-00-00 00:00:00";"0000-00-00 00:00:00"
"749";"1429";"Y";"恒华";"GGJV";"45";"2097152";"440474";"2019-02-15 01:31:31";"2019-10-17 16:00:12";"T";"Y";"0";"0";NULL;"0000-00-00 00:00:00";"0000-00-00 00:00:00"
"750";"1430";"Y";"明基";"B4NK";"45";"2097152";"967778";"2019-02-19 05:34:37";"2019-10-17 16:00:12";"T";"Y";"0";"0";NULL;"0000-00-00 00:00:00";"0000-00-00 00:00:00"
"751";"1431";"Y";"宽广超市集团有限公司";"O6BR";"45";"104857600";"103932158";"2019-02-25 02:33:54";"2019-10-17 16:00:12";"P";"Y";"0";"0";NULL;"0000-00-00 00:00:00";"0000-00-00 00:00:00"
"752";"1432";"Y";"永平食药监";"SVYX";"45";"2097152";"2097152";"2019-03-01 10:30:31";"2019-10-17 16:00:12";"T";"Y";"0";"0";NULL;"0000-00-00 00:00:00";"0000-00-00 00:00:00"
"753";"1433";"Y";"明基test";"ELTU";"45";"2097152";"2066583";"2019-03-05 06:41:54";"2019-10-17 16:00:12";"T";"Y";"0";"0";NULL;"0000-00-00 00:00:00";"0000-00-00 00:00:00"
"754";"1434";"Y";"KR";"GHA0";"45";"2097152";"2074615";"2019-03-06 02:48:20";"2019-10-17 16:00:12";"T";"Y";"0";"0";NULL;"0000-00-00 00:00:00";"0000-00-00 00:00:00"
"755";"1435";"Y";"眺望者智能科技（上海）有限公司";"JSBT";"45";"2097152";"2097152";"2019-03-08 05:30:56";"2019-10-17 16:00:12";"T";"Y";"0";"0";NULL;"0000-00-00 00:00:00";"0000-00-00 00:00:00"
"756";"1436";"Y";"北京大学";"FUBJ";"45";"2097152";"2097152";"2019-03-11 07:09:22";"2019-10-17 16:00:12";"T";"Y";"0";"0";NULL;"0000-00-00 00:00:00";"0000-00-00 00:00:00"
"757";"1437";"Y";"恒华";"WOAZ";"45";"2097152";"743927";"2019-03-14 08:35:48";"2019-10-17 16:00:12";"T";"Y";"0";"0";NULL;"0000-00-00 00:00:00";"0000-00-00 00:00:00"
"758";"1438";"Y";"恒华";"MPVW";"45";"2097152";"886670";"2019-03-14 08:40:10";"2019-10-17 16:00:12";"T";"Y";"0";"0";NULL;"0000-00-00 00:00:00";"0000-00-00 00:00:00"
"759";"1439";"Y";"恒华";"ZHRY";"45";"2097152";"873301";"2019-03-14 08:42:18";"2019-10-17 16:00:12";"T";"Y";"0";"0";NULL;"0000-00-00 00:00:00";"0000-00-00 00:00:00"
"760";"1440";"Y";"chen";"2XQC";"45";"2097152";"2096961";"2019-03-15 02:08:01";"2019-10-17 16:00:12";"T";"Y";"0";"0";NULL;"0000-00-00 00:00:00";"0000-00-00 00:00:00"
"761";"1441";"Y";"benq";"EK88";"45";"2097152";"2095265";"2019-03-20 03:44:54";"2019-10-17 16:00:12";"T";"Y";"0";"0";NULL;"0000-00-00 00:00:00";"0000-00-00 00:00:00"
"762";"1442";"Y";"iamadmin";"31FF";"2";"0";"0";"2019-03-20 10:02:16";"2019-10-17 16:00:12";"T";"E";"0";"0";"2019-09-23 16:00:12";"0000-00-00 00:00:00";"0000-00-00 00:00:00"
"763";"1443";"Y";"哈尔滨鑫金融达科技有限公司";"ZGGE";"45";"2097152";"2018591";"2019-03-25 06:18:16";"2019-10-17 16:00:12";"T";"Y";"0";"0";NULL;"0000-00-00 00:00:00";"0000-00-00 00:00:00"
"764";"1444";"Y";"POP MART";"OGER";"45";"104857600";"104509061";"2019-04-05 12:36:18";"2019-10-17 16:00:12";"P";"Y";"0";"0";NULL;"0000-00-00 00:00:00";"0000-00-00 00:00:00"
"765";"1445";"Y";"ivvish";"MCHR";"45";"2097152";"2073455";"2019-04-08 05:21:24";"2019-10-17 16:00:12";"T";"Y";"0";"0";NULL;"0000-00-00 00:00:00";"0000-00-00 00:00:00"
"766";"1446";"Y";"硚口区税务局";"1SCK";"45";"104857600";"103483686";"2019-04-12 01:24:59";"2019-10-17 16:00:12";"P";"Y";"0";"0";NULL;"0000-00-00 00:00:00";"0000-00-00 00:00:00"
"767";"1447";"Y";"恒华";"VVBA";"45";"2097152";"292163";"2019-04-12 02:47:09";"2019-10-17 16:00:12";"T";"Y";"0";"0";NULL;"0000-00-00 00:00:00";"0000-00-00 00:00:00"
"768";"1448";"Y";"恒华";"4U6Z";"45";"2097152";"554246";"2019-04-12 02:53:29";"2019-10-17 16:00:12";"T";"Y";"0";"0";NULL;"0000-00-00 00:00:00";"0000-00-00 00:00:00"
"769";"1449";"Y";"恒华";"KJLI";"45";"2097152";"936201";"2019-04-12 02:59:01";"2019-10-17 16:00:12";"T";"Y";"0";"0";NULL;"0000-00-00 00:00:00";"0000-00-00 00:00:00"
"770";"1450";"Y";"BenQ";"XH9F";"45";"2097152";"2025774";"2019-04-15 06:01:58";"2019-10-17 16:00:12";"T";"Y";"0";"0";NULL;"0000-00-00 00:00:00";"0000-00-00 00:00:00"
"771";"1451";"Y";"BQC-yop";"Z4FV";"45";"2097152";"2097152";"2019-04-17 12:56:29";"2019-10-17 16:00:12";"T";"Y";"0";"0";NULL;"0000-00-00 00:00:00";"0000-00-00 00:00:00"
"772";"1452";"Y";"BenQ";"BIVE";"218";"2097152";"2097141";"2019-04-18 03:20:25";"2019-10-17 16:00:12";"T";"Y";"0";"0";NULL;"0000-00-00 00:00:00";"0000-00-00 00:00:00"
"773";"1453";"Y";"x-sign_0418 Co.";"WHFL";"45";"2097152";"2097152";"2019-04-18 06:20:40";"2019-10-17 16:00:12";"T";"Y";"0";"0";NULL;"0000-00-00 00:00:00";"0000-00-00 00:00:00"
"774";"1454";"Y";"BenQ";"EYC8";"218";"2097152";"2094927";"2019-04-18 09:07:13";"2019-10-17 16:00:12";"T";"Y";"0";"0";NULL;"0000-00-00 00:00:00";"0000-00-00 00:00:00"
"775";"1455";"Y";"admin0418";"L5BM";"3";"2097152";"2097122";"2019-04-18 10:17:00";"2019-10-17 16:00:12";"T";"Y";"0";"0";NULL;"0000-00-00 00:00:00";"0000-00-00 00:00:00"
"776";"1456";"Y";"benqtest";"TJWA";"45";"2097152";"1743929";"2019-04-19 02:42:06";"2019-10-17 16:00:12";"T";"E";"0";"0";"2020-03-12 08:34:01";"0000-00-00 00:00:00";"0000-00-00 00:00:00"
"777";"1457";"Y";"北京爱唯试训";"XLFT";"45";"2097152";"2097152";"2019-04-23 03:39:31";"2019-10-17 16:00:12";"T";"Y";"0";"0";NULL;"0000-00-00 00:00:00";"0000-00-00 00:00:00"
"778";"1458";"Y";"benqtest";"1X1B";"45";"2097152";"1916815";"2019-04-26 01:45:56";"2019-10-17 16:00:12";"T";"Y";"0";"0";NULL;"0000-00-00 00:00:00";"0000-00-00 00:00:00"
"779";"1459";"Y";"华联";"RZGQ";"45";"2097152";"1605457";"2019-04-26 05:41:28";"2019-10-17 16:00:12";"T";"Y";"0";"0";NULL;"0000-00-00 00:00:00";"0000-00-00 00:00:00"
"780";"1460";"Y";"恒华";"SUZC";"45";"2097152";"266630";"2019-05-07 01:20:40";"2019-10-17 16:00:12";"T";"Y";"0";"0";NULL;"0000-00-00 00:00:00";"0000-00-00 00:00:00"
"781";"1461";"Y";"benq";"RKUV";"45";"2097152";"2060582";"2019-05-08 05:36:42";"2019-10-17 16:00:12";"T";"Y";"0";"0";NULL;"0000-00-00 00:00:00";"0000-00-00 00:00:00"
"782";"1462";"Y";"恒华";"M1OB";"45";"2097152";"788103";"2019-05-09 09:19:15";"2019-10-17 16:00:12";"T";"Y";"0";"0";NULL;"0000-00-00 00:00:00";"0000-00-00 00:00:00"
"783";"1463";"Y";"恒华";"YKXB";"45";"2097152";"1012492";"2019-05-09 09:22:41";"2019-10-17 16:00:12";"T";"Y";"0";"0";NULL;"0000-00-00 00:00:00";"0000-00-00 00:00:00"
"784";"1464";"Y";"恒华";"RXCT";"45";"0";"0";"2019-05-09 09:25:51";"2019-10-17 16:00:12";"T";"E";"0";"0";"2019-11-12 16:00:33";"0000-00-00 00:00:00";"0000-00-00 00:00:00"
"785";"1465";"Y";"恒华";"PZU4";"45";"2097152";"197270";"2019-05-09 09:38:44";"2019-10-17 16:00:12";"T";"Y";"0";"0";NULL;"0000-00-00 00:00:00";"0000-00-00 00:00:00"
"786";"1466";"Y";"家和吉连锁超市";"G9AV";"26";"2097152";"1909047";"2019-05-11 00:09:30";"2019-10-17 16:00:12";"T";"Y";"0";"0";NULL;"0000-00-00 00:00:00";"0000-00-00 00:00:00"
"787";"1467";"Y";"沈阳慧诚思拓电子商务有限公司";"C6RC";"45";"2097152";"1414745";"2019-05-20 07:38:32";"2019-10-17 16:00:12";"T";"E";"0";"0";"2020-04-08 01:06:03";"0000-00-00 00:00:00";"0000-00-00 00:00:00"
"788";"1468";"Y";"保资";"ILBQ";"28";"2097152";"2077167";"2019-05-20 07:47:56";"2019-10-17 16:00:12";"T";"Y";"0";"0";NULL;"0000-00-00 00:00:00";"0000-00-00 00:00:00"
"789";"1469";"Y";"ddddd";"9CKX";"3";"2097152";"2096901";"2019-05-27 11:17:15";"2019-10-17 16:00:12";"T";"Y";"0";"0";NULL;"0000-00-00 00:00:00";"0000-00-00 00:00:00"
"790";"1470";"Y";"company-0527yop";"RKHS";"45";"2097152";"2097152";"2019-05-27 11:54:05";"2019-10-17 16:00:12";"T";"Y";"0";"0";NULL;"0000-00-00 00:00:00";"0000-00-00 00:00:00"
"791";"1471";"Y";"福州新雅图";"S3DB";"45";"2097152";"2097152";"2019-05-28 08:10:02";"2019-10-17 16:00:12";"T";"Y";"0";"0";NULL;"0000-00-00 00:00:00";"0000-00-00 00:00:00"
"792";"1472";"Y";"大房间卡收到回复就开始对方";"WTPZ";"5";"0";"0";"2019-05-30 08:54:53";"2019-10-17 16:00:12";"T";"E";"0";"0";"2019-12-03 16:00:30";"0000-00-00 00:00:00";"0000-00-00 00:00:00"
"793";"1473";"Y";"手动阀";"A9UM";"2";"2097152";"2097152";"2019-05-30 08:57:28";"2019-10-17 16:00:12";"T";"Y";"0";"0";NULL;"0000-00-00 00:00:00";"0000-00-00 00:00:00"
"794";"1474";"Y";"恒华";"FX0Q";"45";"2097152";"342451";"2019-06-05 01:49:01";"2019-10-17 16:00:12";"T";"E";"0";"0";"2020-01-10 09:54:13";"0000-00-00 00:00:00";"0000-00-00 00:00:00"
"795";"1475";"Y";"恒华";"5IEP";"45";"2097152";"1103188";"2019-06-05 01:56:54";"2019-10-17 16:00:12";"T";"Y";"0";"0";NULL;"0000-00-00 00:00:00";"0000-00-00 00:00:00"
"796";"1476";"Y";"恒华";"H571";"45";"2097152";"437841";"2019-06-05 02:03:59";"2019-10-17 16:00:12";"T";"Y";"0";"0";NULL;"0000-00-00 00:00:00";"0000-00-00 00:00:00"
"797";"1477";"Y";"万客隆（广州）食品有限公司";"2F61";"45";"104857600";"104573096";"2019-06-13 01:38:31";"2019-10-18 00:36:22";"P";"Y";"0";"0";NULL;"0000-00-00 00:00:00";"0000-00-00 00:00:00"
"798";"1478";"Y";"benqtest";"LOPS";"45";"2097152";"2097152";"2019-06-14 09:11:23";"2019-10-17 16:00:12";"T";"Y";"0";"0";NULL;"0000-00-00 00:00:00";"0000-00-00 00:00:00"
"799";"1479";"Y";"广州市和进源";"JVFU";"45";"2097152";"2097152";"2019-06-17 07:12:28";"2019-10-17 16:00:12";"T";"Y";"0";"0";NULL;"0000-00-00 00:00:00";"0000-00-00 00:00:00"
"800";"1480";"Y";"123123123";"5DSE";"45";"0";"0";"2019-06-19 09:19:35";"2019-10-17 16:00:12";"T";"E";"0";"0";"2019-12-23 16:00:24";"0000-00-00 00:00:00";"0000-00-00 00:00:00"
"801";"1481";"Y";"成都金雅图科技有限公司";"MBKV";"45";"2097152";"1933994";"2019-06-22 10:03:21";"2019-10-17 16:00:12";"T";"Y";"0";"0";NULL;"0000-00-00 00:00:00";"0000-00-00 00:00:00"
"802";"1482";"Y";"上海数锦信息科技";"QVTN";"45";"2097152";"2097152";"2019-06-25 06:16:26";"2019-10-17 16:00:12";"T";"Y";"0";"0";NULL;"0000-00-00 00:00:00";"0000-00-00 00:00:00"
"803";"1483";"Y";"BQC";"DS7G";"45";"2097152";"1617932";"2019-06-26 02:22:24";"2019-10-17 16:00:12";"T";"Y";"0";"0";NULL;"0000-00-00 00:00:00";"0000-00-00 00:00:00"
"804";"1484";"Y";"技术";"5YVW";"1";"2097152";"2097152";"2019-06-26 07:11:40";"2019-10-17 16:00:12";"T";"Y";"0";"0";NULL;"0000-00-00 00:00:00";"0000-00-00 00:00:00"
"805";"1485";"Y";"BQC";"LDHJ";"45";"104857600";"103753592";"2019-06-28 02:30:37";"2019-10-17 16:00:12";"P";"Y";"0";"0";NULL;"0000-00-00 00:00:00";"0000-00-00 00:00:00"
"806";"1486";"Y";"BQC";"G0XK";"45";"0";"0";"2019-06-28 03:28:17";"2019-10-17 16:00:12";"T";"E";"0";"0";"2020-01-01 16:00:26";"0000-00-00 00:00:00";"0000-00-00 00:00:00"
"807";"1487";"Y";"奥迪";"3N2X";"45";"104857600";"103150032";"2019-07-03 11:58:36";"2019-10-17 16:00:12";"P";"Y";"0";"0";NULL;"0000-00-00 00:00:00";"0000-00-00 00:00:00"
"808";"1488";"Y";"厦门欣凯思达电子科技有限公司";"IPL4";"45";"2097152";"2007012";"2019-07-08 04:27:12";"2019-10-17 16:00:12";"T";"Y";"0";"0";NULL;"0000-00-00 00:00:00";"0000-00-00 00:00:00"
"809";"1489";"Y";"上海保资科技";"EMIQ";"45";"2097152";"2097152";"2019-07-10 03:54:33";"2019-10-17 16:00:12";"T";"Y";"0";"0";NULL;"0000-00-00 00:00:00";"0000-00-00 00:00:00"
"810";"1490";"Y";"啊啊啊";"GWMY";"45";"2097152";"1834866";"2019-07-18 07:53:59";"2019-10-17 16:00:12";"T";"Y";"0";"0";NULL;"0000-00-00 00:00:00";"0000-00-00 00:00:00"
"811";"1491";"Y";"上海数锦信息科技有限公司";"BVT8";"45";"2097152";"1391039";"2019-07-29 02:54:23";"2019-10-17 16:00:12";"T";"Y";"0";"0";NULL;"0000-00-00 00:00:00";"0000-00-00 00:00:00"
"812";"1492";"Y";"上海联之承电子系统集成有限公司";"PRJ3";"6";"104857600";"104805366";"2019-08-05 03:49:46";"2019-10-17 16:00:12";"P";"Y";"0";"0";NULL;"0000-00-00 00:00:00";"0000-00-00 00:00:00"
"813";"1493";"Y";"yatsen";"XTJF";"45";"2097152";"2097152";"2019-08-05 07:22:34";"2019-10-17 16:00:12";"T";"Y";"0";"0";NULL;"0000-00-00 00:00:00";"0000-00-00 00:00:00"
"814";"1494";"Y";"沈阳玖伍苑文化有限公司";"0HQF";"45";"2097152";"1962637";"2019-08-08 06:40:15";"2019-10-17 16:00:12";"T";"Y";"0";"0";NULL;"0000-00-00 00:00:00";"0000-00-00 00:00:00"
"815";"1495";"Y";"benq";"H4XG";"45";"2097152";"2092784";"2019-08-14 09:29:47";"2019-10-17 16:00:12";"T";"Y";"0";"0";NULL;"0000-00-00 00:00:00";"0000-00-00 00:00:00"
"816";"1496";"Y";"bqc测试公司1";"NA5H";"45";"2097152";"2094842";"2019-08-19 07:33:19";"2019-10-17 16:00:12";"T";"Y";"0";"0";NULL;"0000-00-00 00:00:00";"0000-00-00 00:00:00"
"817";"1497";"Y";"潞卓集团";"0ACL";"45";"2097152";"2058557";"2019-08-21 06:01:01";"2019-10-17 16:00:12";"T";"Y";"0";"0";NULL;"0000-00-00 00:00:00";"0000-00-00 00:00:00"
"818";"1498";"Y";"名基金";"MDWR";"45";"2097152";"1741291";"2019-08-21 06:09:39";"2019-10-17 16:00:12";"T";"Y";"0";"0";NULL;"0000-00-00 00:00:00";"0000-00-00 00:00:00"
"819";"1499";"Y";"EtonHouse";"YMVQ";"45";"104857600";"104853268";"2019-08-21 06:23:12";"2019-10-17 16:00:12";"P";"Y";"0";"0";NULL;"0000-00-00 00:00:00";"0000-00-00 00:00:00"
"820";"1500";"Y";"lacoste";"XLB1";"45";"2097152";"2072679";"2019-08-22 04:08:59";"2019-10-17 16:00:12";"T";"Y";"0";"0";NULL;"0000-00-00 00:00:00";"0000-00-00 00:00:00"
"821";"1501";"Y";"jmex";"ZUF6";"218";"0";"0";"2019-08-26 07:15:35";"2019-10-17 16:00:12";"T";"E";"0";"0";"2020-02-29 16:00:12";"0000-00-00 00:00:00";"0000-00-00 00:00:00"
"822";"1502";"Y";"恒华";"CKFS";"45";"2097152";"524627";"2019-08-26 07:19:46";"2019-10-17 16:00:12";"T";"Y";"0";"0";NULL;"0000-00-00 00:00:00";"0000-00-00 00:00:00"
"823";"1503";"Y";"永康市总部中心开发建设有限公司";"JKCK";"45";"104857600";"104714009";"2019-08-28 01:26:48";"2019-10-17 16:00:12";"P";"Y";"0";"0";NULL;"0000-00-00 00:00:00";"0000-00-00 00:00:00"
"824";"1504";"Y";"恒华";"TYDM";"45";"2097152";"1186315";"2019-08-29 06:58:50";"2019-10-17 16:00:12";"T";"E";"0";"0";"2020-04-04 09:48:56";"0000-00-00 00:00:00";"0000-00-00 00:00:00"
"825";"1505";"Y";"恒华";"RIEP";"45";"2097152";"1076382";"2019-08-29 07:33:27";"2019-10-17 16:00:12";"T";"Y";"0";"0";NULL;"0000-00-00 00:00:00";"0000-00-00 00:00:00"
"826";"1506";"Y";"惠诚思拓";"DHO1";"45";"2097152";"2045093";"2019-09-03 01:13:41";"2019-10-17 16:00:12";"T";"Y";"0";"0";NULL;"0000-00-00 00:00:00";"0000-00-00 00:00:00"
"827";"1507";"Y";"SUIS";"X76O";"36";"2097152";"2097152";"2019-09-03 05:54:08";"2019-10-17 16:00:12";"T";"Y";"0";"0";NULL;"0000-00-00 00:00:00";"0000-00-00 00:00:00"
"828";"1508";"Y";"bqc";"Q4GL";"45";"2097152";"2057178";"2019-09-10 00:58:32";"2019-10-17 16:00:12";"T";"Y";"0";"0";NULL;"0000-00-00 00:00:00";"0000-00-00 00:00:00"
"829";"1509";"Y";"123";"M6LA";"1";"0";"0";"2019-09-11 05:35:21";"2019-10-17 16:00:12";"T";"E";"0";"0";"2020-03-16 16:00:23";"0000-00-00 00:00:00";"0000-00-00 00:00:00"
"830";"1510";"Y";"benqtest";"L9RC";"45";"2097152";"1997613";"2019-09-16 02:53:55";"2019-10-17 16:00:12";"T";"Y";"0";"0";NULL;"0000-00-00 00:00:00";"0000-00-00 00:00:00"
"831";"1511";"Y";"Line Friends";"DEKE";"45";"2097152";"1926815";"2019-09-18 07:00:55";"2019-10-17 16:00:12";"T";"Y";"0";"0";NULL;"0000-00-00 00:00:00";"0000-00-00 00:00:00"
"832";"1512";"Y";"LINEFRIENDS";"2DYG";"45";"0";"0";"2019-09-22 08:48:22";"2019-10-17 16:00:12";"T";"E";"0";"0";"2020-03-27 16:00:27";"0000-00-00 00:00:00";"0000-00-00 00:00:00"
"833";"1513";"Y";"北京新世界利莹百货有限公司";"6KTE";"45";"104857600";"104427188";"2019-09-24 05:39:19";"2019-10-17 16:00:12";"P";"Y";"0";"0";NULL;"0000-00-00 00:00:00";"0000-00-00 00:00:00"
"834";"1514";"Y";"恒华";"1FGG";"45";"2097152";"980797";"2019-09-24 08:09:30";"2019-10-17 16:00:12";"T";"Y";"0";"0";NULL;"0000-00-00 00:00:00";"0000-00-00 00:00:00"
"835";"1515";"Y";"上海狮鸿超市有限公司";"LQXX";"45";"104857600";"103230532";"2019-09-24 08:31:54";"2019-10-17 16:00:12";"P";"Y";"0";"0";NULL;"0000-00-00 00:00:00";"0000-00-00 00:00:00"
"836";"1516";"Y";"笨球科技";"W4R5";"143";"2097152";"2097152";"2019-09-25 17:01:26";"2019-10-17 16:00:12";"T";"Y";"0";"0";NULL;"0000-00-00 00:00:00";"0000-00-00 00:00:00"
"837";"1517";"Y";"恒华";"SUVO";"45";"2097152";"1155454";"2019-09-27 02:24:12";"2019-10-17 16:00:12";"T";"Y";"0";"0";NULL;"0000-00-00 00:00:00";"0000-00-00 00:00:00"
"838";"1518";"Y";"恒华";"PHBL";"45";"2097152";"805874";"2019-09-27 02:27:43";"2019-10-17 16:00:12";"T";"Y";"0";"0";NULL;"0000-00-00 00:00:00";"0000-00-00 00:00:00"
"839";"1519";"Y";"苏州中阑文化科技有限公司";"CWWW";"45";"0";"0";"2019-09-29 07:37:58";"2019-10-17 16:00:12";"T";"E";"0";"0";"2020-04-03 16:00:13";"0000-00-00 00:00:00";"0000-00-00 00:00:00"
"840";"1520";"Y";"苏州中阑文化科技有限公司";"YUZ2";"45";"2097152";"1847492";"2019-10-09 01:21:39";"2019-10-17 16:00:12";"T";"Y";"0";"0";NULL;"0000-00-00 00:00:00";"0000-00-00 00:00:00"
"841";"1521";"Y";"UNNC";"AVOZ";"45";"2097152";"2097152";"2019-10-17 03:00:31";"2019-10-17 16:00:12";"T";"Y";"0";"0";NULL;"0000-00-00 00:00:00";"0000-00-00 00:00:00"
